t,range_m,alt_m,speed,mach,fuel,g_avail,g_achieved,drag_para,drag_induced,thrust,cross_x,phase,label
0.008333333333333333,90000.0,0.25038221501793984,30.04586580215278,0.08829254193063012,780.0,0.02650715486865723,0.0,58.487937815861414,0.0,0.0,0.0,0,IGNITION
0.09999999999999999,90000.0,3.029811597233822,30.550357071163628,0.08977789571140485,780.0,0.027395815938159963,0.0,60.44876513324019,0.0,0.0,0.0,0,IGNITION
0.19999999999999998,90000.0,6.11465502171204,31.100642325497184,0.09139824247285984,780.0,0.02838133111080931,0.0,62.62330066600907,0.0,0.0,0.0,0,IGNITION
0.3000000000000001,90000.0,9.254523025011595,31.650854531406416,0.09301854780001956,780.0,0.029383565685209424,0.0,64.83472749604327,0.0,0.0,0.0,0,IGNITION
0.4000000000000004,90000.0,12.44940823573891,32.20099246079323,0.09463881113679957,780.0,0.030402471708443943,0.0,67.08293981541264,0.0,0.0,0.0,7,RIDE-OUT
0.5000000000000007,90000.0,15.69930315988257,32.751054889112424,0.09625903193663532,780.0,0.03143800045825167,0.0,69.3678301186306,0.0,0.0,0.0,7,RIDE-OUT
0.6000000000000003,90000.0,19.00420018117169,33.30104059542814,0.09787920966263519,780.0,0.03249010244675745,0.0,71.68928921088614,0.0,0.0,0.0,7,RIDE-OUT
0.7,90000.0,22.364091561439878,33.85094836247007,0.09949934378773341,780.0,0.033558727424257695,0.0,74.04720621639676,0.0,0.0,0.0,7,RIDE-OUT
0.7999999999999996,90000.0,25.778969440994832,34.400776976689315,0.1011194337948419,780.0,0.034643824383060066,0.0,76.44146858688059,0.0,0.0,0.0,7,RIDE-OUT
0.8999999999999992,90000.0,29.248825838993493,34.95052522831402,0.1027394791770016,780.0,0.03574534156137713,0.0,78.87196211014778,0.0,0.0,0.0,7,RIDE-OUT
0.9999999999999989,90000.0,32.773652653822744,35.50019191140476,0.1043594794375334,780.0,0.036863226447273204,0.0,81.33857091880914,0.0,0.0,0.0,7,RIDE-OUT
1.0999999999999985,90000.0,36.353441663485626,36.04977582390951,0.10597943409018792,780.0,0.03799742578266384,0.0,83.84117749910106,0.0,0.0,0.0,7,RIDE-OUT
1.1999999999999982,90000.0,39.988184525993084,36.59927576771838,0.10759934265929477,780.0,0.03914788556736766,0.0,86.37966269982586,0.0,0.0,0.0,7,RIDE-OUT
1.2999999999999978,90000.0,43.6778727797611,37.14869054871815,0.10921920467991156,780.0,0.04031455106321018,0.0,88.95390574140677,0.0,0.0,0.0,7,RIDE-OUT
1.3999999999999975,90000.0,47.4224978440133,37.6980189768463,0.11083901969797141,780.0,0.04149736679817853,0.0,91.56378422505544,0.0,0.0,0.0,7,RIDE-OUT
1.4999999999999971,90000.0,51.22205101918894,38.247259866144915,0.11245878727043047,780.0,0.04269627657062713,0.0,94.20917414205161,0.0,0.0,0.0,7,RIDE-OUT
1.5999999999999968,90000.0,55.076523487356276,38.79641203481418,0.1140785069654143,780.0,0.0439112234535336,0.0,96.88994988313392,0.0,0.0,0.0,7,RIDE-OUT
1.6999999999999964,90000.0,58.98590631263126,39.3454743052656,0.11569817836236365,780.0,0.045142149798804224,0.0,99.60598424799976,0.0,0.0,0.0,7,RIDE-OUT
1.799999999999996,90000.0,62.950190441601535,39.894445504174854,0.11731780105217957,780.0,0.04638899724162875,0.0,102.35714845491418,0.0,0.0,0.0,7,RIDE-OUT
1.8999999999999957,90000.0,66.96936670375571,40.44332446253439,0.11893737463736759,780.0,0.0476517067048836,0.0,105.1433121504255,0.0,0.0,0.0,7,RIDE-OUT
1.9999999999999953,90000.0,71.04342581191787,40.992110015705684,0.12055689873218144,780.0,0.04893021840358338,0.0,107.9643434191877,0.0,0.0,0.0,7,RIDE-OUT
2.099999999999995,89999.97716097865,75.17225395110914,41.540825837499554,0.12217644585623588,780.0,0.05022453251698732,0.0,110.82024265673557,0.0,0.0,0.0,8,PITCH-OVER
2.199999999999995,89999.83527755948,79.35336932020914,42.09005406787463,0.12379772776503897,780.0,0.051536033576339756,0.0,113.71406482606776,0.0,0.0,0.0,8,PITCH-OVER
2.2999999999999945,89999.46073602563,83.5748675624928,42.642569553806645,0.1254288924354819,780.0,0.052871674500225,0.0,116.66115151596708,0.0,0.0,0.0,8,PITCH-OVER
2.399999999999994,89998.73764063598,87.80657767369426,43.20531942772121,0.12709033488225308,780.0,0.05424935263874233,0.0,119.70099316231253,0.0,0.0,0.0,8,PITCH-OVER
2.499999999999994,89997.55291329042,91.99159353493398,43.791220862492246,0.12881997427526248,780.0,0.05570323254677471,0.0,122.90897372733632,0.0,0.0,0.0,8,PITCH-OVER
2.5999999999999934,89995.84698312188,96.05813717687396,44.41628450285434,0.130664810561896,780.0,0.05727735718916434,0.0,126.38227384780166,0.0,0.0,0.0,8,PITCH-OVER
2.699999999999993,89993.62577221797,99.94306492837441,45.09417060094527,0.13266494408261512,780.0,0.059012067602396245,0.0,130.20990586943378,0.0,0.0,0.0,8,PITCH-OVER
2.7999999999999927,89990.90501531011,103.58533988813785,45.83755508041714,0.13485758221430727,780.0,0.06094762930274138,0.0,134.48071550288896,0.0,0.0,0.0,8,PITCH-OVER
2.8999999999999924,89987.70640002064,106.92545292606522,46.65813246629469,0.13727704456639575,780.0,0.06312450322305009,0.0,139.28397964477293,0.0,0.0,0.0,8,PITCH-OVER
2.999999999999992,89984.05748668477,109.90575394132198,47.56641495068795,0.13995416940305405,780.0,0.06558308414667488,0.0,144.70882923307258,0.0,0.0,0.0,8,PITCH-OVER
3.0999999999999917,89980.00380338581,112.490608922722,48.567506325260865,0.14290390884920368,780.0,0.06835189152836153,0.0,150.8181923377365,0.0,0.0,0.0,8,PITCH-OVER
3.1999999999999913,89975.61247974916,114.69417497111449,49.65574250265073,0.14610960444533017,780.0,0.07143076468522819,0.0,157.6117144125884,0.0,0.0,0.0,8,PITCH-OVER
3.299999999999991,89970.94117405429,116.55101231873515,50.8212975214633,0.14954237982044824,780.0,0.07480712501378299,0.0,165.06164081619335,0.0,0.0,0.0,8,PITCH-OVER
3.3999999999999906,89966.03508963468,118.10880958174728,52.05205550088994,0.1531666405708882,780.0,0.07845988037885228,0.0,173.1214318313861,0.0,0.0,0.0,8,PITCH-OVER
3.4999999999999902,89960.92842580764,119.42603892144972,53.33439811939156,0.1569423915698835,780.0,0.0823605746866079,0.0,181.72829919384523,0.0,0.0,0.0,8,PITCH-OVER
3.59999999999999,89955.48534307872,120.60386422677948,59.59235324061352,0.17535949005559429,780.0,0.10280765744356155,0.0,226.84471062050312,0.0,0.0,0.0,1,BOOST
3.6999999999999895,89949.1121804587,121.8309278652054,69.39794295609724,0.20421679297518408,780.0,0.13940388995131484,0.0,307.59416041298886,0.0,0.0,0.0,1,BOOST
3.799999999999989,89941.76626363718,123.19319406582925,79.20742413817565,0.2330867218908478,780.0,0.18156990844336945,0.0,400.633322093138,0.0,0.0,0.0,1,BOOST
3.899999999999989,89933.45584646026,124.73343884838019,89.01372229540259,0.261948721652459,780.0,0.22927004842679188,0.0,505.8835020910346,0.0,0.0,0.0,1,BOOST
3.9999999999999885,89924.1814136686,126.45235336426798,98.81632595093858,0.2908014658149382,780.0,0.2824899343912724,0.0,623.3129808970886,0.0,0.0,0.0,1,BOOST
4.099999999999993,89913.94335012994,128.34986628247393,108.61482964236922,0.31964393782960654,780.0,0.34121402432877246,0.0,752.8874651288452,0.0,0.0,0.0,1,BOOST
4.199999999999998,89902.74208051649,130.42589889465114,118.40882910409086,0.34847512433527145,780.0,0.40542518507531106,0.0,894.5691505242297,0.0,0.0,0.0,1,BOOST
4.300000000000003,89890.57806918111,132.6803651380875,128.19792138400024,0.3772940154692155,780.0,0.47510470255314036,0.0,1048.3167445408694,0.0,0.0,0.0,1,BOOST
4.400000000000008,89877.4518200219,135.11317162078757,137.98170495939948,0.40609960517611443,780.0,0.5502322929404939,0.0,1214.0854910021012,0.0,0.0,0.0,1,BOOST
4.500000000000013,89863.36387633558,137.72421764865868,147.75977985204923,0.4348908915147081,780.0,0.6307861147573101,0.0,1391.8271967640742,0.0,0.0,0.0,1,BOOST
4.600000000000018,89848.3148206595,140.51339525478437,157.5317477423009,0.4636668769620407,780.0,0.7167427818543767,0.0,1581.49026037625,0.0,0.0,0.0,1,BOOST
4.700000000000023,89832.30527460255,143.48058923076832,167.29721208224504,0.49242656871510526,780.0,0.8080773772924918,0.0,1783.0197027057181,0.0,0.0,0.0,1,BOOST
4.800000000000028,89815.33589866494,146.62567716012978,177.05577820780877,0.5211689789897141,780.0,0.9047634680973021,0.0,1996.3571994936915,0.0,0.0,0.0,1,BOOST
4.900000000000033,89797.40739204708,149.94852945373106,186.80705344973808,0.5498931253164265,780.0,1.0067731208746424,0.0,2221.441115810695,0.0,0.0,0.0,1,BOOST
5.000000000000038,89778.52049244761,153.44900938721597,196.55064724340448,0.5785980308333738,780.0,1.1140769182703842,0.0,2458.206542375159,0.0,0.0,0.0,1,BOOST
5.100000000000043,89758.67597585058,157.1269731404372,206.28617123737172,0.6072827245758117,780.0,1.2266439762579415,0.0,2706.5853336982364,0.0,0.0,0.0,1,BOOST
5.200000000000048,89737.8746563022,160.98226983884922,216.0132394006646,0.6359462417622469,780.0,1.3444419622358543,0.0,2966.506148016054,0.0,0.0,0.0,1,BOOST
5.300000000000053,89716.11738567699,165.01474159684315,225.73146812867918,0.6645876240769782,780.0,1.4674371139170697,0.0,3237.894488968837,0.0,0.0,0.0,1,BOOST
5.400000000000058,89693.40505343361,169.22422356299728,235.4404763476779,0.6932059199489014,780.0,1.5955942589908318,0.0,3520.672748984799,0.0,0.0,0.0,1,BOOST
5.500000000000063,89669.73858636057,173.6105439672178,245.1398856178131,0.7218001848264302,780.0,1.7288768355374053,0.0,3814.760254325151,0.0,0.0,0.0,1,BOOST
5.600000000000068,89645.11894831178,178.1735241697418,254.82932023462365,0.7503694814483869,780.0,1.8672469131751444,0.0,4120.073311745031,0.0,0.0,0.0,1,BOOST
5.700000000000073,89619.54713993226,182.91297871197443,264.5084073289536,0.7789128801107271,780.0,2.010665214918858,0.0,4436.525256723903,0.0,0.0,0.0,1,BOOST
5.800000000000078,89593.02420728887,187.82871371688404,274.1760036557696,0.8074271815768985,780.0,2.1590789608280323,0.0,5023.47562596743,0.0,0.0,0.0,1,BOOST
5.900000000000083,89565.55231029526,192.92032886813678,283.808507135023,0.8358430399064721,780.0,2.3120664501331776,0.0,6442.507253317286,0.0,0.0,0.0,1,BOOST
6.000000000000088,89537.13589214974,198.1870006676021,293.39144556072887,0.8641179772737889,780.0,2.469308177388009,0.0,8010.404804356702,0.0,0.0,0.0,1,BOOST
6.100000000000093,89507.78009259861,203.6277765196119,302.91980235844574,0.8922373528085169,780.0,2.630617726187208,0.0,9730.618980388823,0.0,0.0,0.0,1,BOOST
6.200000000000098,89477.49055044066,209.24161133457795,312.3884552806991,0.9201862066843831,780.0,2.7957963498260314,0.0,11605.982372961167,0.0,0.0,0.0,1,BOOST
6.300000000000103,89446.27341280247,215.0273658099362,321.7921975086197,0.9479493217348166,780.0,2.964633332330177,0.0,13638.677523675033,0.0,0.0,0.0,1,BOOST
6.400000000000108,89414.13534228402,220.98380510576823,331.1257597599889,0.97551128805697,780.0,3.13690645957611,0.0,15830.208902213248,0.0,0.0,0.0,1,BOOST
6.500000000000113,89381.08352188327,227.10959793209315,340.3838332644175,1.0028565701996466,780.0,3.312382599845876,0.0,18181.379362898235,0.0,0.0,0.0,1,BOOST
6.600000000000118,89347.12565762246,233.40331606210634,349.5610934483668,1.0299695764774588,780.0,3.4908183916674855,0.0,20692.27159450708,0.0,0.0,0.0,1,BOOST
6.700000000000123,89312.26996233879,239.8634373364067,358.65368947482034,1.056839047772523,780.0,3.671991038506044,0.0,22853.284885298366,0.0,0.0,0.0,1,BOOST
6.800000000000128,89276.52305504728,246.4887349930721,367.70200888810206,1.083584087113069,780.0,3.856599164129885,0.0,23578.990803580946,0.0,0.0,0.0,1,BOOST
6.900000000000133,89239.88774678703,253.27868803679556,376.72638977918155,1.1102647509173562,780.0,4.044991960564098,0.0,24287.97014479839,0.0,0.0,0.0,1,BOOST
7.000000000000138,89202.366360873,260.2328658666113,385.7274109890593,1.1368828760391008,780.0,4.237124907254502,0.0,24978.8347810896,0.0,0.0,0.0,1,BOOST
7.100000000000143,89163.96116125658,267.35084888392385,394.70569718848026,1.1634404339119777,780.0,4.432955482614301,0.0,25650.225199744105,0.0,0.0,0.0,1,BOOST
7.200000000000148,89124.67434806949,274.6322293184221,403.6619179467124,1.1899395279265819,780.0,4.6324432494340595,0.0,26300.80900762119,0.0,0.0,0.0,1,BOOST
7.300000000000153,89084.50805325637,282.0766120375229,412.5967868514393,1.2163823909615012,780.0,4.835549936716578,0.0,26929.27935386789,0.0,0.0,0.0,1,BOOST
7.400000000000158,89043.46433629113,289.68361534030294,421.5110606824185,1.2427713830762661,780.0,5.0422395182483,0.0,27534.35327565659,0.0,0.0,0.0,1,BOOST
7.5000000000001625,89001.54517997146,297.4528717369239,430.405538641403,1.2691089893735072,780.0,5.252478288225406,0.0,28114.76997115345,0.0,0.0,0.0,1,BOOST
7.6000000000001675,88958.7524862862,305.38402871459886,439.28106164069646,1.2953978180372958,780.0,5.46623493425867,0.0,28669.28900341185,0.0,0.0,0.0,1,BOOST
7.7000000000001725,88915.08807234913,313.47674949119124,448.13851165259365,1.3216405985543116,780.0,5.68348060808616,0.0,29196.68843836088,0.0,0.0,0.0,1,BOOST
7.8000000000001775,88870.55366639362,321.73071375757803,456.9788111218595,1.3478401801242177,780.0,5.90418899432758,0.0,29695.7629195297,0.0,0.0,0.0,1,BOOST
7.900000000000182,88825.15090382152,330.14561840994554,465.80292244332543,1.373999530265418,780.0,6.128336377618326,0.0,30165.321681614583,0.0,0.0,0.0,1,BOOST
8.000000000000187,88778.88132329979,338.7211782732243,474.61184750661215,1.4001217336221925,780.0,6.355901708465342,0.0,30604.186504456804,0.0,0.0,0.0,1,BOOST
8.10000000000018,88731.74636289838,347.4571268169072,483.40662730995143,1.4262099909791177,780.0,6.586866668170865,0.0,31011.189608456836,0.0,0.0,0.0,1,BOOST
8.200000000000175,88683.74735626216,356.35321686452755,492.1883416450486,1.4522676184886139,780.0,6.821215733174176,0.0,31385.1714919026,0.0,0.0,0.0,1,BOOST
8.30000000000017,88634.88552881005,365.40922129811247,500.9581088549206,1.4782980471174583,780.0,7.058936239165603,0.0,31724.978710136584,0.0,0.0,0.0,1,BOOST
8.400000000000164,88585.16199395395,374.6249337589592,509.7170856666589,1.5043048223181732,780.0,7.300018445331725,0.0,32029.461595927518,0.0,0.0,0.0,1,BOOST
8.500000000000158,88534.57774933014,384.0001693461203,518.4664671010918,1.5302916039312964,780.0,7.544455599095485,0.0,32297.47191984484,0.0,0.0,0.0,1,BOOST
8.600000000000152,88483.13367303516,393.53476531401805,527.2074864613714,1.5562621663247105,780.0,7.792244001720741,0.0,32527.860488858787,0.0,0.0,0.0,1,BOOST
8.700000000000147,88430.83051985872,403.22858177064785,535.941415402583,1.5822203987764532,780.0,8.043383075156969,0.0,32719.474680800486,0.0,0.0,0.0,1,BOOST
8.800000000000141,88377.66891750526,413.08150237786805,544.6695640845503,1.6081703061076795,780.0,8.29787543050694,0.0,32871.155911716116,0.0,0.0,0.0,1,BOOST
8.900000000000135,88323.64936279597,423.0934350553144,553.3932814101372,1.634116009572837,780.0,8.555726938508615,0.0,32981.737032531724,0.0,0.0,0.0,1,BOOST
9.00000000000013,88268.7722178427,433.2643126895213,562.1139553514546,1.6600617480144861,780.0,8.816946802431541,0.0,33050.03965080893,0.0,0.0,0.0,1,BOOST
9.100000000000124,88213.03770618504,443.5940938498776,570.8330133665485,1.6860118792906948,780.0,9.081547633798879,0.0,33074.87137271266,0.0,0.0,0.0,1,BOOST
9.200000000000118,88156.44590888142,454.08276351309064,579.551922909311,1.7119708819834747,780.0,9.349545531358212,0.0,33055.02295962738,0.0,0.0,0.0,1,BOOST
9.300000000000113,88098.99676054502,464.73033379788825,588.2721920355503,1.7379433573973262,780.0,9.620960163737891,0.0,32989.265393141526,0.0,0.0,0.0,1,BOOST
9.400000000000107,88040.69004531487,475.5368447117402,596.9953701083834,1.7639340318576595,780.0,9.895814856241376,0.0,32876.34684137019,0.0,0.0,0.0,1,BOOST
9.500000000000101,87981.52539275202,486.50236491144375,605.7230486063548,1.7899477593196147,780.0,10.17413668224932,0.0,32714.989518793576,0.0,0.0,0.0,1,BOOST
9.600000000000096,87921.50227365077,497.62699247948063,614.4568620379598,1.8159895242986441,780.0,10.455956559718743,0.0,32503.886430952007,0.0,0.0,0.0,1,BOOST
9.70000000000009,87860.61999575401,508.9108557181226,623.1984889665581,1.8420644451351706,780.0,10.741309353291015,0.0,32241.697994448805,0.0,0.0,0.0,1,BOOST
9.800000000000084,87798.87769936176,520.3541139633405,631.9496531499871,1.8681777776066346,780.0,11.030233982544532,0.0,31927.04852176244,0.0,0.0,0.0,1,BOOST
9.900000000000079,87736.27435282139,531.9569584206517,640.7121247995574,1.894334918901392,780.0,11.32277353695591,0.0,31558.522559354027,0.0,0.0,0.0,1,BOOST
10.000000000000073,87672.80874788733,543.7196130251332,649.4877219635072,1.9205414119701327,780.0,11.61897539816378,0.0,31134.661066463836,0.0,0.0,0.0,1,BOOST
10.100000000000067,87608.47949493802,555.6423353279174,658.2783120404374,1.9468029502718647,780.0,11.918891370163895,0.0,30653.957420813847,0.0,0.0,0.0,1,BOOST
10.200000000000061,87543.28501803678,567.725417411604,667.0858134287186,1.9731253829329403,780.0,12.222577818101467,0.0,30114.85323616076,0.0,0.0,0.0,1,BOOST
10.300000000000056,87477.22354982299,579.9691868371245,675.9121973183935,1.9995147203392512,780.0,12.530095816369357,0.0,29515.73397526345,0.0,0.0,0.0,1,BOOST
10.40000000000005,87410.73454615282,592.2502154856614,675.640049876251,1.9989928748862273,779.9894798761877,12.501975339068888,0.11322522195528775,29476.16076563442,13.575650372805368,2558.926756747375,0.0,3,CRUISE
10.500000000000044,87344.33313582503,604.4260175003378,674.6255974334454,1.9962719138883533,779.9568486656603,12.446754355524025,0.004231484674093687,29484.611240897306,0.019044852926496526,5198.279517822002,0.0,3,CRUISE
10.600000000000039,87278.01074225835,616.4853983405723,673.6564050083483,1.9936814560211815,779.9033538277638,12.393642444494944,0.3194600953588231,29490.00640958427,109.01210457591257,7691.536341448082,0.0,3,CRUISE
10.700000000000033,87211.75978342158,628.3978874203898,672.689704347717,1.991094276082938,779.8300382905892,12.34109231857094,0.7891097495554922,29495.254140774763,667.9609230042279,10077.607448182056,0.0,3,CRUISE
10.800000000000027,87145.57459057312,640.1177745484856,671.6810604544312,1.9883777982427417,779.7374709172623,12.287536940732691,1.3793319329656282,29503.30202584664,2049.6947197809,12430.99566610722,0.0,3,CRUISE
10.900000000000022,87079.45237592608,651.5872247129117,670.5843635248431,1.9853941452334807,779.6254635923389,12.23138619196136,2.0636975988332447,29517.111583815866,4609.105616253577,14859.250349284606,0.0,3,CRUISE
11.000000000000016,87013.39388855724,662.7395620196389,669.3638949585645,1.9820359451422525,779.4928652310055,12.171463100641343,2.731797239249678,29538.896298258773,8115.871448024225,17479.500736877526,0.0,3,CRUISE
11.10000000000001,86947.40187755451,673.5112350775814,668.0417969517623,1.9783672109080797,779.3379147981294,12.108701279513904,3.254834229702448,29567.305247417127,11580.272279401768,20320.134971237163,0.0,3,CRUISE
11.200000000000005,86881.47838073673,683.8518120044374,666.6606827130336,1.974512936485029,779.1589305990508,12.044743637776929,3.6632234710704106,29599.8144766774,14745.582563616428,23351.039001559653,0.0,3,CRUISE
11.299999999999999,86815.62386003575,693.7222450584055,665.261046719201,1.9705921741554053,778.9545625471653,11.981117983876906,3.9820953204987366,29634.1350952962,17515.761920937537,26525.167152991817,0.0,3,CRUISE
11.399999999999993,86749.83703592916,703.092428336755,663.8783628861319,1.9667093708756929,778.7238699047502,11.919137723308525,4.231071654981128,29668.384115685658,19875.84442571909,29791.008941789885,0.0,3,CRUISE
11.499999999999988,86684.11499746611,711.9392410298262,662.542138481905,1.9629515047882586,778.4663262019786,11.859874842987933,4.425473309575045,29701.117262050426,21851.019820858397,33099.03507707163,0.0,3,CRUISE
11.599999999999982,86618.45343687,720.2449910708946,661.2759753324985,1.9593882150086674,778.1817880315633,11.804169300340602,4.577262849683022,29731.294045073115,23483.748817281125,36404.72026879144,0.0,3,CRUISE
11.699999999999976,86552.8469258227,727.9961846890462,660.098104639887,1.9560733440271507,777.8704483611956,11.752654715325212,4.695780691181436,29758.215192544176,24821.366359530522,39669.6650400089,0.0,3,CRUISE
11.79999999999997,86487.28918987028,735.1825585691714,659.0221025609183,1.9530470243418403,777.5327856302807,11.705789463022475,4.788319865774435,29781.454039729677,25909.720659365445,42861.70188006569,0.0,3,CRUISE
11.899999999999965,86421.77335982234,741.796321968839,658.0576322349681,1.950337850920259,777.1695144733862,11.663887555029678,4.860574799935281,29800.792543312786,26790.22946995413,45954.49471633317,0.0,3,CRUISE
11.99999999999996,86356.29219155294,747.8315656789304,657.2111365826729,1.9479649139686335,776.7815408207553,11.62714668335685,4.916991723184813,29816.166368378108,27498.821211181774,48926.918939554766,0.0,3,CRUISE
12.099999999999953,86290.83825238525,753.2838029348762,656.4864499098298,1.9459395960881545,776.3699224048601,11.59567243831589,4.961042268187847,29827.6201535539,28065.87161164169,51762.379268899975,0.0,3,CRUISE
12.199999999999948,86225.40407569185,758.1496142851266,655.88531984391,1.9442671076671048,775.9358347805094,11.569498571002326,4.995437098733314,29835.272400900772,28516.62665954826,54448.14728225145,0.0,3,CRUISE
12.299999999999942,86159.98228690769,762.42637410769,655.4078430471616,1.9429477698436894,775.4805425059192,11.54860358761149,5.022292711261374,29839.288731052147,28871.826534007767,56974.75726856754,0.0,3,CRUISE
12.399999999999936,86094.56570467514,766.1120410851621,655.0528235540379,1.9419780705530312,775.0053749331048,11.532924134218145,5.043261674120604,29839.86204953359,29148.37614985898,59335.47495197182,0.0,3,CRUISE
12.49999999999993,86029.14742081428,769.2049986655429,654.8180644231609,1.9413515247768427,774.5117060000989,11.52236567126378,5.059634318867853,29837.19823017647,29359.9836958667,61525.840699037195,0.0,3,CRUISE
12.599999999999925,85963.72086251582,771.7039345043775,654.7006033793813,1.9410593701922083,774.0009374361954,11.51681091231016,5.072418141216112,29831.50609171023,29517.731574765552,63543.28234727417,0.0,3,CRUISE
12.69999999999992,85898.27983975296,773.6077502407621,654.6969022188464,1.9410911268394595,773.4744848452684,11.516126448258234,5.082399797592019,29822.99064659484,29630.567905293312,65386.78998869751,0.0,3,CRUISE
12.799999999999914,85832.81858048185,774.9154948234486,654.8029984973543,1.9414350457953473,772.9337661991754,11.520167916008663,5.090193512280198,29811.848798332285,29705.71924831414,67056.64425644645,0.0,3,CRUISE
12.899999999999908,85767.33175579956,775.6263160721387,655.0146267067497,1.9420784680006387,772.380192341481,11.528784009587657,5.096278873902881,29798.266837948595,29749.031254632693,68554.18992939075,0.0,3,CRUISE
12.999999999999902,85701.8144968664,775.7394263139324,655.3273149087802,1.943008110778065,771.8151591653242,11.541819576757343,5.101030347052774,29782.419236732007,29765.246337508623,69881.6474339864,0.0,3,CRUISE
13.099999999999897,85636.26240508842,775.2540788412871,655.7364617027094,1.9442102963738666,771.2400411856219,11.559117996762545,5.104740315086553,29764.46835111443,29758.227916432203,71041.95577267802,0.0,3,CRUISE
13.199999999999891,85570.67155679177,774.1695526482857,656.2373974699997,1.945671134119475,770.656186274273,11.580522995264065,5.1076370720243425,29744.56474982527,29731.140229127985,72038.64137600365,0.0,3,CRUISE
13.299999999999885,85505.03850340062,772.4851434583937,656.825433061793,1.9473766655270586,770.0649113678585,11.605880020053245,5.10989887069221,29722.847947003076,29686.591717571653,72875.70827707287,0.0,3,CRUISE
13.39999999999988,85439.36026794898,770.2001594923757,657.4958984574033,1.9493129797597952,769.467498991251,11.635037274913598,5.111664891564458,29699.447381677488,29626.748865570793,73557.54580582312,0.0,3,CRUISE
13.499999999999874,85373.63433860881,767.3139207658239,658.2441734055222,1.9514663053995664,768.8651944684552,11.667846488013055,5.113043807276773,29674.483527378565,29553.426260009575,74088.85068635723,0.0,3,CRUISE
13.599999999999868,85307.85865979514,763.8257609724352,659.0657116449512,1.9538230832147665,768.2592037147963,11.704163474550349,5.114120469830173,29648.069048505517,29468.15764165722,74474.56099746356,0.0,3,CRUISE
13.699999999999863,85242.0316213115,759.7350312179219,659.9560599706102,1.9563700236570618,767.6506915231122,11.743848540227479,5.114961131984891,29620.30994486241,29372.251834104285,74719.79993441694,0.0,3,CRUISE
13.799999999999857,85176.15204591898,755.0411050329001,660.9108731476482,1.9590941520422922,767.040780271636,11.786766761782113,5.115617524144295,29591.30664433292,29266.836695249494,74829.82770209252,0.0,3,CRUISE
13.899999999999851,85110.2191756475,749.7433842212054,661.9259254684841,1.9619828437585414,766.4305489934185,11.832788172717153,5.116130037601112,29561.1550174936,29152.893616388792,74810.00018828196,0.0,3,CRUISE
13.999999999999845,85044.23265711594,743.8413052005328,662.997119583485,1.9650238513612612,765.8210327569863,11.881787876039523,5.116530210027996,29529.947298198927,29031.28458534913,74665.73332397964,0.0,3,CRUISE
14.09999999999984,84978.19252608466,737.3343455711691,664.1204931067633,1.9682053250348868,765.2132223158927,11.933646100891702,5.116842666157898,29497.77290168567,28902.77341660258,74402.47224505033,0.0,3,CRUISE
14.199999999999834,84912.09919142954,730.2220307105441,665.2922233969656,1.9715158276011762,764.6080639912848,11.988248216126152,5.117086633074542,29464.719137205608,28768.04241765999,74025.6645363278,0.0,3,CRUISE
14.299999999999828,84845.95341511995,722.5039493299404,666.508866392909,1.9749450432186475,764.0064606341075,12.04549320879116,5.108935561489825,29430.858262283255,28534.430642397103,73539.70711811299,0.0,3,CRUISE
14.399999999999823,84779.75475280394,714.1838178900297,667.7940852725244,1.9785630631495508,763.4096523818605,12.106255466529591,4.8489258523699625,29394.66950692263,25569.800048486653,72822.89222078331,0.0,3,CRUISE
14.499999999999817,84713.4951838371,705.2880315297971,669.1942193459125,1.982507643574159,762.8208031789408,12.172206266082778,4.2943249409253355,29353.079311378464,19942.55765074245,71593.93857123115,0.0,3,CRUISE
14.599999999999811,84647.1602233395,695.8698046289564,670.7016557410395,1.9867572756103842,762.2447690757866,12.243026408723651,3.530826928566523,29305.934473136793,13401.103114894673,69727.64713473221,0.0,3,CRUISE
14.699999999999806,84580.73479866085,686.0020157799866,672.259833000416,1.9911459314691324,761.6866505569869,12.316571150114425,2.635727936382582,29256.016873483328,7421.753564626411,67268.5677576239,0.0,3,CRUISE
14.7999999999998,84514.20780186218,675.7704549210746,673.7848309166777,1.9954269413670358,761.1506188614546,12.38964321933181,1.6765505508553762,29208.024228370945,2984.6376502155513,64380.4226914174,0.0,3,CRUISE
14.899999999999794,84447.57463288825,665.2678104401225,675.1876128981033,1.9993387782850378,760.6392076122249,12.458805303377135,0.7102850249732386,29167.3405646607,532.637227437315,61286.43078170114,0.0,3,CRUISE
14.999999999999789,84380.83786633948,654.5883875916701,676.3904529700447,2.0026535901543685,760.1530612054008,12.520996484517152,0.216889033017282,29258.22452395827,49.409226015562254,58220.08949589479,0.0,3,CRUISE
15.099999999999783,84314.00662719144,643.8236206895755,677.3386458354361,2.005211743481316,759.6910134553184,12.573987204451008,1.0694687423307994,29361.8288875234,1196.1002967422019,55384.795031247486,0.0,3,CRUISE
15.199999999999777,84247.09455626034,633.058336559883,678.0100041936187,2.0069498024604386,759.2505380707538,12.616757279450734,1.822186501752204,29446.66917696949,3460.01608667206,52916.01196558442,0.0,3,CRUISE
15.299999999999772,84180.1175397511,622.3679331794317,678.4099185668773,2.0078857745317205,758.8282885857664,12.649334828757613,2.459246896397817,29512.754461025437,6285.144027952831,50885.03532614656,0.0,3,CRUISE
15.399999999999766,84113.09168483982,611.81650702021,678.5661407743443,2.008103571360938,758.4206044875147,12.672614748702806,2.9732811471080804,29561.67975492768,9169.062621315255,49304.030924931416,0.0,3,CRUISE
15.49999999999976,84046.03167790346,601.455872323133,678.521703504754,2.0077319896152037,758.0239436851074,12.688098819086823,3.364101476019964,29596.152814182882,11722.034553662306,48138.10223966948,0.0,3,CRUISE
15.599999999999755,83978.9496680583,591.3253838457308,678.3274353027008,2.0069225325496447,757.635199121545,12.697614203028945,3.637334558128512,29619.48415789798,13691.437527379572,47320.738930733794,0.0,3,CRUISE
15.699999999999749,83911.85469843421,581.4524316138302,678.0352461381764,2.0058295461638367,757.2518870330622,12.703057287029699,3.8030183151413683,29635.12286095153,14958.820327185435,46769.376501315295,0.0,3,CRUISE
15.799999999999743,83844.75262115865,571.8534514687697,677.6928960260109,2.004594770305534,756.8722166491367,12.706192011083706,3.8742417378590437,29646.289449273147,15518.55927116062,46398.8048033246,0.0,3,CRUISE
15.899999999999737,83777.64638145402,562.5352894227946,677.340535514761,2.003337149879798,756.4950650232728,12.708514957467855,3.8658946078699494,29655.72802595928,15446.979564023539,46131.18212637057,0.0,3,CRUISE
15.999999999999732,83710.53653774473,553.496767865639,677.008971126039,2.002147758291962,756.1198867988545,12.711185963177952,3.793576058430974,29665.5762241002,14869.457719163473,45902.293545324,0.0,3,CRUISE
16.099999999999728,83643.42189109731,544.7303224922888,676.7193829140643,2.0010890184923387,755.7465885833861,12.715013999029477,3.672691316926287,29677.335487708802,13930.963280557015,45664.35103488182,0.0,3,CRUISE
16.199999999999722,83576.30012005968,536.2236051912829,676.4841052441238,2.000197065773618,755.3753932178181,12.7204835158769,3.5177476030190324,29691.915683130184,12773.228708597213,45386.03800462557,0.0,3,CRUISE
16.299999999999716,83509.1683549099,527.960976536102,676.3077955270647,1.999485251993215,755.0067107961464,12.727795720303776,3.3418445871709728,29733.181331676722,11519.680684360723,45051.45955887522,0.0,3,CRUISE
16.39999999999971,83442.02368467808,519.9248403048587,676.189102561227,1.9989491197132538,754.6410190588587,12.736928936960947,3.15634172409665,29778.643138566695,10267.650059317924,44657.47245935358,0.0,3,CRUISE
16.499999999999705,83374.86343602589,512.096772164055,676.1235622912181,1.9985749959689558,754.2787941632436,12.74774547665477,2.9706889930762608,29819.704559054106,9086.483756215343,44206.929296096045,0.0,3,CRUISE
16.5999999999997,83307.68534975225,504.4584460208207,676.1042639359226,1.9983419860660236,753.9204633282137,12.760015018458256,2.792386755801672,29856.903551550902,8019.78068778973,43708.1793437105,0.0,3,CRUISE
16.699999999999694,83240.48769514616,496.9923617915741,676.1230433046973,1.998225519553577,753.5663704066181,12.773458223617233,2.627045450502293,29890.850973338853,7089.857511259998,43172.68690997597,0.0,3,CRUISE
16.799999999999688,83173.2693054464,489.6823803688954,676.1714201261044,1.9982001333450745,753.2167594911012,12.78778111984548,2.4785224693950108,29922.169508111536,6303.043265613316,42613.08432032147,0.0,3,CRUISE
16.899999999999682,83106.02955757684,482.5140831593751,676.2412468412006,1.9982413968314463,752.8717717726423,12.802698992600302,2.349112393318745,29951.45180176619,5654.7762334623785,42041.812180562796,0.0,3,CRUISE
16.999999999999677,83038.76831708051,475.47497775557633,676.3251144354663,1.9983271147314872,752.5314511635803,12.81795143865948,2.2397696752212806,29979.234420022804,5133.904036372375,41470.27023288414,0.0,3,CRUISE
17.09999999999967,82971.48586494631,468.5545734737558,676.4165711046859,1.9984379735193676,752.1957550082374,12.833310615363615,2.1503461482733637,30005.9838861352,4725.944788678999,40908.36575280881,0.0,3,CRUISE
17.199999999999665,82904.18281837017,461.74435110959865,676.5102079383579,1.998557792375079,751.8645671648773,12.848584661370895,2.0798290612562744,30032.091316157734,4415.320131039363,40364.34155610216,0.0,3,CRUISE
17.29999999999966,82836.86005325677,455.0376506987729,676.6016574324453,1.9986735147370516,751.5377116490022,12.863617957826472,2.0265685347555285,30057.872758755075,4186.719768084296,39844.78037071867,0.0,3,CRUISE
17.399999999999654,82769.51863288494,448.4294996181653,676.6875396192073,1.9987750438465375,751.2149657676766,12.87828949339168,1.9884862750426033,30083.573049920637,4025.819278905274,39354.70622055652,0.0,3,CRUISE
17.49999999999965,82702.15974475219,441.91640128025256,676.7653797715042,1.9988549935725024,750.8960722084504,12.892510197718355,1.9632600128209101,30109.371662654543,3919.573452456506,38897.728891982646,0.0,3,CRUISE
17.599999999999643,82634.78464610287,435.4961021722786,676.8335126286354,1.9989083990967353,750.5807498850853,12.906219776270214,1.948480417148449,30135.38958307509,3856.271352723071,38476.199721240504,0.0,3,CRUISE
17.699999999999637,82567.39461783676,429.1673522568479,676.8909815378705,1.9989324126012658,750.2687035237748,12.91938333903096,1.9417791585193294,30161.696644770785,3825.4877430032598,38091.36357254236,0.0,3,CRUISE
17.79999999999963,82499.99092617322,422.929670935712,676.9374367604328,1.9989259967828539,749.9596320458651,12.931987965121342,1.9409283624914282,30188.31900707557,3818.013473748564,37743.50256617979,0.0,3,CRUISE
17.899999999999626,82432.574791402,416.78312801190043,676.973035008166,1.9988896225063149,749.6532358118319,12.944039268267273,1.943912920880034,30215.246597650636,3825.8040319625225,37432.072638395606,0.0,3,CRUISE
17.99999999999962,82365.14736313181,410.7281464697505,676.9983414573443,1.9988249744258344,749.3492227728378,12.955558001957572,1.9489780342104912,30242.44039209851,3841.9546387271175,37155.83571969124,0.0,3,CRUISE
18.099999999999614,82297.709701543,404.7653315066671,677.0142354418202,1.9987346682164584,749.0473135552197,12.966576745841325,1.954654975761255,30269.839409701694,3860.692319816188,36912.989670527015,0.0,3,CRUISE
18.19999999999961,82230.26276420784,398.89532815070226,677.0218212831248,1.9986219837618757,748.7472454930333,12.977136728372445,1.9597684274177618,30297.36729439883,3877.368220451254,36701.29639654954,0.0,3,CRUISE
18.299999999999603,82162.80739804353,393.1187080190531,677.0223459459736,1.998490619282727,748.448775628606,12.987284852536323,1.9634288768524348,30324.938343843427,3888.433986046971,36518.20673185279,0.0,3,CRUISE
18.399999999999597,82095.34433591668,387.4358843296924,677.0171252396988,1.9983444714484677,748.1516827190344,12.997070995020657,1.9650135219095926,30352.462857193274,3891.391050163069,36360.97931307863,0.0,3,CRUISE
18.49999999999959,82027.87419734593,381.8470531697378,677.0074800681626,1.9981874458444928,747.8557683125522,13.00654564246314,1.9641389393724238,30379.851696510043,3884.7083825121135,36226.790025856775,0.0,3,CRUISE
18.599999999999586,81960.39749267384,376.35215823360807,676.9946837964895,1.998023300864729,747.5608569866336,13.015757912754983,1.9606284783379724,30407.01999417411,3867.710629764837,36112.82869599437,0.0,3,CRUISE
18.69999999999958,81892.91463002337,370.9508757439197,676.9799212326435,1.9978555264044926,747.266795864181,13.024753987943498,1.954476967819546,30433.8899835606,3840.443417873231,36016.38037178274,0.0,3,CRUISE
18.799999999999574,81825.4259243279,365.6426160227585,676.9642591096602,1.9976872569164141,746.9734535413714,13.03357596176449,1.9458149152863784,30460.392975751336,3803.525380852814,35934.88957883814,0.0,3,CRUISE
18.89999999999957,81757.93160773662,360.4265381497617,676.9486273853385,1.99752121671384,746.6807185688043,13.042261082615587,1.934873944944034,30486.470545556414,3757.997280367251,35866.00709595565,0.0,3,CRUISE
18.999999999999563,81690.43184074402,355.3015742837258,676.9338102130812,1.997359694045051,746.3884976262922,13.050841354363937,1.9219548043805281,30512.07502162734,3705.1777639234724,35807.61990654255,0.0,3,CRUISE
19.099999999999557,81622.92672346944,350.2664604940426,676.9204451157971,1.9972045395212044,746.0967135221129,13.059343444221522,1.907398873651217,30537.16939598701,3646.5334125573604,35757.865890218876,0.0,3,CRUISE
19.19999999999955,81555.41630660968,345.31977130755536,676.9090287239201,1.997057183988144,745.8053031317586,13.067788839468408,1.8915637550607474,30561.72677771363,3583.5682991743624,35715.13546050597,0.0,3,CRUISE
19.299999999999546,81487.90060169453,340.4599555897636,676.8999274077252,1.9969186708536775,745.5142153714696,13.076194192704014,1.8748032134281252,30585.729514986884,3517.7357822190647,35678.06270976629,0.0,3,CRUISE
19.39999999999954,81420.37959038283,335.68537181601437,676.893391218565,1.9967896981439268,745.2234092803772,13.08457179766298,1.8574514800642343,30609.16810127405,3450.3730332357172,35645.5087158041,0.0,3,CRUISE
19.499999999999535,81352.85323263683,330.99432122310395,676.889569722086,1.9966706660716826,744.9328522638388,13.09293014327885,1.8398117301887382,30632.039967485354,3382.6570394790792,35616.539545689964,0.0,3,CRUISE
19.59999999999953,81285.32147370116,326.38507774478467,676.8885285265126,1.996561726560272,744.6425185309822,13.101274501395263,1.822148391432119,30654.348244809127,3315.5796091101083,35590.40122264053,0.0,3,CRUISE
19.699999999999523,81217.78424988482,321.8559140114791,676.8902655515809,1.996462831891919,744.3523877425419,13.109607512206225,1.8046828366734984,30676.10056469375,3249.9382178943533,35566.49356225721,0.0,3,CRUISE
19.799999999999518,81150.24149320097,317.4051230253164,676.894726325117,1.996373780370357,744.0624438712656,13.117929740255326,1.7875919525548891,30697.30794466892,3186.3392937554772,35544.344388394675,0.0,3,CRUISE
19.899999999999512,81082.69313495883,313.03103540089927,676.9018178176253,1.99629425755337,743.7726742666002,13.126240181986875,1.7710090494918962,30717.9837925139,3125.210630912536,35523.58524783769,0.0,3,CRUISE
19.999999999999506,81015.13910842732,308.7320322880368,676.9114205200141,1.9962238721909236,743.4830689078391,13.1345367130078,1.7550265833687335,30738.14304734431,3066.819945893897,35503.929385328825,0.0,3,CRUISE
20.0999999999995,80947.57935070343,304.50655426594386,676.9233986306309,1.9961621864835821,743.1936198251085,13.142816469183614,1.7397001868541222,30757.80146479403,3011.2970326029294,35485.15243288471,0.0,3,CRUISE
20.199999999999495,80880.01380392072,300.353106622257,676.9376083442572,1.9961087406516558,742.9043206650091,13.151076160410694,1.7250535531997515,30776.97504461865,2958.6574627367077,35467.07601660084,0.0,3,CRUISE
20.29999999999949,80812.44241592978,296.27026150935916,676.953904329596,1.9960630720839918,742.6151663769658,13.159312319444865,1.711083771807655,30795.679592563625,2908.82625466749,35449.55429001226,0.0,3,CRUISE
20.399999999999483,80744.8651405724,292.25665751071034,676.9721445468874,1.9960247295279272,742.3261529969334,13.16752149065637,1.6977667777773637,30813.93040392722,2861.6603637420803,35432.46326076596,0.0,3,CRUISE
20.499999999999478,80677.2819376585,288.31099715745853,676.9921935980876,1.995993282902053,742.0372775066411,13.175700365184266,1.6850626428299431,30831.74205357608,2816.969213046541,35415.692679718326,0.0,3,CRUISE
20.599999999999472,80609.69277274009,284.43204291702585,677.0139248232308,1.9959683293751576,741.7485377487405,13.183845869847213,1.672920499007917,30849.12827589258,2774.532782104189,35399.14020068091,0.0,3,CRUISE
20.699999999999466,80542.09761676114,280.61861213693055,677.0372213624916,1.9959494963708575,741.4599323807576,13.191955217488086,1.6612829467018118,30866.101917941185,2734.117005872854,35382.70748727767,0.0,3,CRUISE
20.79999999999946,80474.49644564667,276.869571374684,677.0619763979068,1.9959364421395516,741.1714608534359,13.20002592632532,1.650089852924835,30882.674949753473,2695.4864160243046,35366.29793398128,0.0,3,CRUISE
20.899999999999455,80406.88923988075,273.18383048350023,677.0880927749477,1.9959288544970304,740.8831234017606,13.208055815470122,1.63928149308344,30898.85851681973,2658.4140902875647,35349.81567567953,0.0,3,CRUISE
20.99999999999945,80339.2759841092,269.56033675833316,677.1154821847775,1.995926448270308,740.5949210395218,13.216042983140248,1.6288010290931614,30914.663021441982,2622.689072521162,35333.16557945817,0.0,3,CRUISE
21.099999999999444,80271.65666679184,265.9980693812371,677.1440640653135,1.9959289619225333,740.3068555506588,13.223985773338049,1.6185963483780144,30930.098221396274,2588.1214936241786,35316.25393996931,0.0,3,CRUISE
21.199999999999438,80204.03127991864,262.4960343422599,677.1737643547581,1.9959361537551756,740.0189294727587,13.231882735921234,1.6086213122770738,30945.173336243006,2554.5456672485866,35298.98963281984,0.0,3,CRUISE
21.299999999999432,80136.39981879664,259.053259954306,677.2045142065342,1.9959477980113156,739.7311460699195,13.239732584133076,1.5988364791779317,30959.897153515798,2521.821458945169,35281.285516469376,0.0,3,CRUISE
21.399999999999427,80068.76228190737,255.66879302922493,677.2362487505629,1.995963681131869,739.4435092937442,13.247534152811097,1.589209378036346,30974.278128833063,2489.834236215321,35263.05991021875,0.0,3,CRUISE
21.49999999999942,80001.11867082976,252.34169573875138,677.268905963392,1.9959835983494016,739.1560237324638,13.255286359692223,1.579714412697137,30988.32447565645,2458.493702644692,35244.23801239704,0.0,3,CRUISE
21.599999999999415,79933.46899022006,249.07104314824932,677.3024256894327,1.9960073507436369,738.8686945491505,13.262988171500437,1.5703324775475345,31002.044241921714,2427.731904225056,35224.75315751884,0.0,3,CRUISE
21.69999999999941,79865.8132478382,245.85592138346937,677.3367488378705,1.9960347428299638,738.5815274106595,13.270638575856532,1.5610503614690125,31015.44537206739,2397.5006723692263,35204.54784296711,0.0,3,CRUISE
21.799999999999404,79798.15145460848,242.6954263703285,677.3718167649189,1.9960655807078862,738.2945284093801,13.278236559498707,1.5518600107332159,31028.535754067576,2367.7687382038725,35183.57448391094,0.0,3,CRUISE
21.899999999999398,79730.48362470281,239.58866307441335,677.4075708390612,1.9960996707606122,738.0077039801024,13.285781092851712,1.5427577132706327,31041.32325193803,2338.5187186709295,35161.79587920679,0.0,3,CRUISE
21.999999999999392,79662.80977563484,236.53474515967488,677.4439521776831,1.9961368188696096,737.7210608143567,13.293271120629928,1.533743257393632,31053.815724834752,2309.7441388729817,35139.18539072101,0.0,3,CRUISE
22.099999999999387,79595.12992835455,233.53279498368283,677.4809015369085,1.996176830088499,737.434605774497,13.300705557902234,1.5248191082369116,31066.021034317866,2281.446618874663,35115.726853840286,0.0,3,CRUISE
22.19999999999938,79527.44410733433,230.58194384888347,677.5183593322027,1.9962195087082104,737.1483458095927,13.308083290874208,1.5159896354315627,31077.947041631236,2253.6333184686177,35091.414248091925,0.0,3,CRUISE
22.299999999999375,79459.75234063913,227.68133243458976,677.5562657651428,1.996264658639112,736.8622878749358,13.315403181547119,1.5072604162810965,31089.601596973866,2226.314701547116,35066.2511641221,0.0,3,CRUISE
22.39999999999937,79392.05465997497,224.83011134202667,677.5945610312781,1.9963120840345963,736.5764388566421,13.322664075380196,1.4986376302747724,31100.99252274212,2199.502653640934,35040.25010723213,0.0,3,CRUISE
22.499999999999364,79324.35110071194,222.02744169383286,677.6331855849011,1.9963615900835001,736.2908055024993,13.329864811100983,1.490127553368914,31112.12759262471,2173.2089624807804,35013.43167877975,0.0,3,CRUISE
22.59999999999936,79256.64170187942,219.27249573926878,677.6720804384522,1.9964129839045832,736.0053943598815,13.337004231866116,1.481736154212973,31123.01450826541,2147.4441523493715,34985.82367556916,0.0,3,CRUISE
22.699999999999353,79188.92650613235,216.56445742638857,677.7111874768783,1.9964660754841823,735.7202117212273,13.344081197059413,1.4734687894389267,31133.660874993628,2122.2166484796226,34957.460144435114,0.0,3,CRUISE
22.799999999999347,79121.20555968929,213.9025229121224,677.7504497702818,1.9965206786072964,735.4352635773016,13.351094594116217,1.465329991251461,31144.074177879007,2097.5322375406517,34928.38042508888,0.0,3,CRUISE
22.89999999999934,79053.4789122432,211.28590099020514,677.7898118713772,1.9965766117419272,735.1505555782074,13.358043349873052,1.4573233377843005,31154.261759116456,2073.3937838977854,34898.62820940731,0.0,3,CRUISE
22.999999999999336,78985.74661684758,208.7138134249239,677.8292200874441,1.9966336988460467,734.866093001909,13.364926441053086,1.4494513949207686,31164.230797499204,2049.801158290717,34868.250640108636,0.0,3,CRUISE
23.09999999999933,78918.00872978037,206.1854951855682,677.8686227194562,1.9966917700755378,734.581880729863,13.371742903604643,1.4417157173860837,31173.98829050739,2026.7513352526148,34837.297466500575,0.0,3,CRUISE
23.199999999999324,78850.26531038877,203.70019458217686,677.9079702637841,1.996750662379587,734.2979232292332,13.378491840707794,1.4341168967638365,31183.54103933104,2004.2386173958294,34805.82026996404,0.0,3,CRUISE
23.29999999999932,78782.51642091852,201.25717330767475,677.9472155742455,1.996810219977117,734.0142245410822,13.385172429350801,1.4266546445242507,31192.895636966412,1982.254948050657,34773.871767236276,0.0,3,CRUISE
23.399999999999313,78714.76212633072,198.8557063948252,677.9863139842619,1.9968702947137673,733.7307882738841,13.391783925451474,1.4193278990353995,31202.058459375166,1960.7902781506361,34741.50519550736,0.0,3,CRUISE
23.499999999999307,78647.00249410966,196.49508209868756,678.0252233904761,1.996930746303683,733.4476176016882,13.398325667558176,1.4121349467277362,31211.035659577537,1939.832958266642,34708.77377991182,0.0,3,CRUISE
23.5999999999993,78579.23759406457,194.1746017165727,678.0639043004066,1.996991442463993,733.1647152662686,13.404797079211628,1.4050735489776085,31219.833164460204,1919.3701319329903,34675.73028121177,0.0,3,CRUISE
23.699999999999296,78511.46749812824,191.89357935798407,678.1023198475604,1.9970522589523598,732.8820835826223,13.411197670082009,1.398141067763177,31228.456674020636,1899.3881115866448,34642.42661931652,0.0,3,CRUISE
23.79999999999929,78443.69228015505,189.65134167685258,678.1404357779794,1.9971130795196104,732.5997244472265,13.417527036018141,1.3913345846400431,31236.911662729864,1879.872723331535,34608.913566730145,0.0,3,CRUISE
23.899999999999284,78375.91201572039,187.44722757767545,678.1782204124526,1.9971737957901792,732.3176393485109,13.423784858157205,1.3846510090150683,31245.203382681408,1860.8096111843445,34575.24050500607,0.0,3,CRUISE
23.99999999999928,78308.12678192346,185.28058790608517,678.2156445886718,1.9972343070832261,732.035829379066,13.429970901247682,1.37808717301371,31253.33686819345,1842.1844953530867,34541.45523674669,0.0,3,CRUISE
24.099999999999273,78240.33665719516,183.1507851330402,678.2526815874604,1.9972945201867924,731.7542952491681,13.436085011334239,1.3716399114028175,31261.316941547357,1823.9833823905924,34507.60384554227,0.0,3,CRUISE
24.199999999999267,78172.54172111166,181.0571930403482,678.289307046932,1.9973543490965442,731.4730373012628,13.442127112945645,1.3653061260256214,31269.148219568062,1806.1927277358564,34473.73059641922,0.0,3,CRUISE
24.29999999999926,78104.74205421515,178.9991964137109,678.3254988680613,1.9974137147294926,731.1920555251069,13.448097205914287,1.3590828350192032,31276.835120784992,1788.7995532227517,34439.877869788026,0.0,3,CRUISE
24.399999999999256,78036.93773784222,176.9761907479872,678.361237114718,1.9974725446217878,730.9113495733259,13.453995361941365,1.3529672077177692,31284.381872945545,1771.7915236365927,34406.08612247855,0.0,3,CRUISE
24.49999999999925,77969.12885396002,174.98758196797547,678.396503910759,1.9975307726182974,730.6309187771907,13.459821721006325,1.3469565866063298,31291.79252069115,1755.1569873898718,34372.393870159234,0.0,3,CRUISE
24.599999999999245,77901.31548501075,173.03278616675473,678.4312833363098,1.9975883385602922,730.3507621624631,13.465576487702519,1.341048497993553,31299.070933241495,1738.8849869351288,34338.83768620592,0.0,3,CRUISE
24.69999999999924,77833.49771376443,171.11122936253147,678.4655613249315,1.9976451879762447,730.0708784651916,13.471259927565885,1.3352406532383991,31306.220811967665,1722.9652447066692,34305.45221286885,0.0,3,CRUISE
24.799999999999233,77765.67562317976,169.2223472740247,678.499325562954,1.9977012717795153,729.7912661473774,13.476872363448233,1.3295309424137183,31313.245697765717,1707.388130256344,34272.27018134653,0.0,3,CRUISE
24.899999999999228,77697.84929627321,167.3655851136957,678.5325653918962,1.9977565459756117,729.5119234124446,13.482414171973767,1.323917422243399,31320.148978170888,1692.144613892048,34239.32243808626,0.0,3,CRUISE
24.999999999999222,77630.01881599573,165.54039739757928,678.5652717145786,1.9978109713807708,729.2328482204795,13.48788578010572,1.3183983000296144,31326.933894175872,1677.226211606639,34206.637975272744,0.0,3,CRUISE
25.099999999999216,77562.18426511715,163.74624777009376,678.5974369052648,1.9978645133528106,728.9540383032052,13.49328766183994,1.3129719151138817,31333.60354673668,1662.624925458431,34174.243964027235,0.0,3,CRUISE
25.19999999999921,77494.34572611784,161.9826088419751,678.6290547239648,1.997917141534601,728.6754911786803,13.498620335034353,1.3076367192087135,31340.16090296408,1648.3331828833004,34142.16578931285,0.0,3,CRUISE
25.299999999999205,77426.50328108735,160.24896203938036,678.6601202348597,1.9979688296099753,728.3972041657054,13.503884358376803,1.3023912567119857,31346.608802012015,1634.3437777253203,34110.42708592792,0.0,3,CRUISE
25.3999999999992,77358.65701162974,158.54479746221182,678.6906297286997,1.9980195550716096,728.1191743979349,13.509080328489029,1.2972341458876278,31352.949960679776,1620.6498151017663,34079.049775270134,0.0,3,CRUISE
25.499999999999194,77290.8069987752,156.86961374980427,678.720580648939,1.9980692990001145,727.8413988376834,13.514208877161119,1.2921640615749017,31359.18697875247,1607.2446615949214,34048.054102777234,0.0,3,CRUISE
25.599999999999188,77222.95332289794,155.22291795227204,678.7499715213302,1.998118045853491,727.5638742894264,13.519270668708746,1.2871797198829995,31365.322344104647,1594.121901705622,34017.45867610392,0.0,3,CRUISE
25.699999999999182,77155.09606363992,153.60422540601152,678.7788018866815,1.9981657832660298,727.2865974129829,13.524266397444407,1.282279865143841,31371.35843759352,1581.2753010227957,33987.28050418764,0.0,3,CRUISE
25.799999999999176,77087.23529984009,152.01305961207754,678.807072236487,1.998212501855773,727.0095647363775,13.529196785253747,1.2774632592377708,31377.297537766277,1568.6987761650869,33957.5350374004,0.0,3,CRUISE
25.89999999999917,77019.37110946918,150.4489521163859,678.8347839511514,1.9982581950396945,726.7327726683675,13.534062579268097,1.2727286732760192,31383.141825403978,1556.3863712349937,33928.236208987895,0.0,3,CRUISE
25.999999999999165,76951.50356956963,148.91144239092588,678.8619392405722,1.9983028588558687,726.4562175106274,13.538864549625588,1.268074881520734,31388.893387921184,1544.3322402897923,33899.39647797307,0.0,3,CRUISE
26.09999999999916,76883.63275620056,147.40007771538507,678.8885410868654,1.9983464917919949,726.1798954695751,13.543603487313757,1.263500657346889,31394.55422363748,1532.530635170221,33871.02687365589,0.0,3,CRUISE
26.199999999999154,76815.75874438764,145.91441305878848,678.9145931890793,1.998389094619797,725.903802667828,13.548280202088591,1.2590047709985028,31400.12624593212,1520.975897929429,33843.13704178333,0.0,3,CRUISE
26.299999999999148,76747.88160807754,144.4540109609284,678.940099909758,1.998430670234895,725.6279351552761,13.552895520465253,1.2545859888615778,31405.611287291344,1509.662457061606,33815.73529239976,0.0,3,CRUISE
26.399999999999142,76680.00142009702,143.01844141350892,678.9650662232747,1.9984712235018958,725.3522889197571,13.557450283777795,1.2502430739648374,31411.011103253113,1498.5848267319507,33788.82864932416,0.0,3,CRUISE
26.499999999999137,76612.11825211628,141.60728174104858,678.9894976658718,1.9985107611045305,725.076859897321,13.561945346305798,1.2459747874233948,31416.327376252146,1487.7376082476042,33762.422901140504,0.0,3,CRUISE
26.59999999999913,76544.23217461664,140.22011648167455,679.0134002873857,1.9985492914007659,724.8016439820731,13.566381573467051,1.2417798905565316,31421.561719365236,1477.11549307329,33736.52265353395,0.0,3,CRUISE
26.699999999999125,76476.34325686222,138.85653726800857,679.0367806046459,1.9985868242828635,724.5266370355853,13.570759840075992,1.2376571474356346,31426.715679955527,1466.7132667773799,33711.13138276178,0.0,3,CRUISE
26.79999999999912,76408.45156687556,137.51614270838414,679.059645556564,1.9986233710424421,724.2518348958662,13.57508102866849,1.2336053276490853,31431.790743212452,1456.5258133862135,33686.25149001324,0.0,3,CRUISE
26.899999999999114,76340.55717141693,136.19853826865727,679.0820024609363,1.998658944240607,723.977233385886,13.579346027893704,1.2296232091049124,31436.788335583784,1446.548119720589,33661.884356389346,0.0,3,CRUISE
26.99999999999911,76272.66013596732,134.90333615487418,679.1038589729841,1.9986935575832327,723.7028283216514,13.58355573097389,1.2257095807271265,31441.709828095558,1436.7752793831608,33638.030398220064,0.0,3,CRUISE
27.099999999999103,76204.76052471487,133.63015519705053,679.1252230456722,1.998727225801516,723.4286155198284,13.587711034233703,1.2218632449360007,31446.556539555295,1427.202496154876,33614.689122432035,0.0,3,CRUISE
27.199999999999097,76136.85840054447,132.3786207342951,679.1461028918277,1.9987599645378697,723.1545908049147,13.591812835699631,1.2180830198348105,31451.32973963493,1417.8250866400288,33591.85918168497,0.0,3,CRUISE
27.29999999999909,76068.95382503058,131.14836450148167,679.1665069480874,1.9987917902372465,722.8807500159639,13.595862033770672,1.2143677410546407,31456.030651829664,1408.638482070619,33569.53842900651,0.0,3,CRUISE
27.399999999999086,76001.04685843285,129.9390245176411,679.1864438406911,1.9988227200439417,722.6070890128684,13.599859525960783,1.210716263234142,31460.660456289927,1399.6382292407604,33547.72397167258,0.0,3,CRUISE
27.49999999999908,75933.13755969475,128.75024497620882,679.2059223531289,1.9988527717039057,722.3336036822067,13.603806207713557,1.2071274611322664,31465.22029252473,1390.8199905904025,33526.4122241027,0.0,3,CRUISE
27.599999999999074,75865.22598644445,127.58167613722938,679.224951395641,1.99888196347256,722.060289942664,13.607702971288825,1.2036002303888764,31469.71126197497,1382.1795434949715,33505.59895956424,0.0,3,CRUISE
27.69999999999907,75797.31219499849,126.43297422158442,679.2435399765616,1.9989103140280933,721.7871437500372,13.611550704721138,1.2001334879608667,31474.1344304565,1373.7127788442194,33485.27936050711,0.0,3,CRUISE
27.799999999999063,75729.39624036741,125.30380130728052,679.26169717548,1.9989378423901587,721.5141611018367,13.615350290848948,1.1967261722703089,31478.49083047402,1365.4156990109389,33465.44806737736,0.0,3,CRUISE
27.899999999999057,75661.47817626371,124.19382522780528,679.2794321181954,1.9989645678439003,721.2413380414976,13.619102606413682,1.1933772431065512,31482.781463406835,1357.2844153191143,33446.09922578593,0.0,3,CRUISE
27.99999999999905,75593.55805511163,123.10271947253703,679.29675395342,1.9989905098691807,720.9686706622111,13.622808521227089,1.1900856813266358,31487.007301568723,1349.3151451232857,33427.22653193529,0.0,3,CRUISE
28.099999999999046,75525.63592805868,122.03016308917469,679.3136718311853,1.9990156880748642,720.6961551103983,13.62646889740507,1.1868504883983089,31491.16929014533,1341.504208607384,33408.8232762308,0.0,3,CRUISE
28.19999999999904,75457.71184498895,120.97584058813904,679.3301948828994,1.999040122138011,720.4237875888313,13.630084588666172,1.1836706858278931,31495.268349012033,1333.8480254037174,33390.88238502765,0.0,3,CRUISE
28.299999999999034,75389.78585453777,119.93944184888676,679.3463322029938,1.999063831747794,720.151564359426,13.633656439692274,1.1805453145117624,31499.305374436226,1326.343111122153,33373.39646048314,0.0,3,CRUISE
28.39999999999903,75321.85800410778,118.92066202807149,679.3620928320971,1.9990868365539527,719.8794817457162,13.637185285549277,1.1774734340456467,31503.28124066877,1318.9860738670789,33356.35781850337,0.0,3,CRUISE
28.499999999999023,75253.92833988616,117.91920146948205,679.3774857416696,1.9991091561195866,719.607536135029,13.640671951165183,1.1744541220208706,31507.196801428683,1311.7736108063336,33339.7585247882,0.0,3,CRUISE
28.599999999999017,75185.99690686303,116.93476561568828,679.3925198200299,1.9991308098780893,719.3357239803711,13.644117250862966,1.1714864733312695,31511.052891285944,1304.7025048428452,33323.59042899154,0.0,3,CRUISE
28.69999999999901,75118.06374885076,115.96706492132536,679.4072038597058,1.9991518170940106,719.0640418020485,13.647521987945643,1.1685695995091925,31514.850326947308,1297.7696214267114,33307.84519702462,0.0,3,CRUISE
28.799999999999006,75050.12890850408,115.0158147679512,679.4215465460354,1.9991721968276395,718.7924861890274,13.650886954330714,1.165702628103964,31518.589908449925,1290.9719055335,33292.51434153902,0.0,3,CRUISE
28.899999999999,74982.19242734097,114.08073538041607,679.4355564469571,1.9991919679031167,718.5210538000571,13.654212930231541,1.1628847021115745,31522.27242026735,1284.3063788238974,33277.58925063204,0.0,3,CRUISE
28.999999999998995,74914.25434576428,113.16155174468874,679.4492420039131,1.999211148879859,718.2497413645651,13.657500683882844,1.1601149794603214,31525.89863233298,1277.7701369907056,33263.061214822745,0.0,3,CRUISE
29.09999999999899,74846.31470308367,112.25799352708871,679.4626115238053,1.9992297580271077,717.9785456833403,13.660750971307758,1.1573926325537203,31529.4693009854,1271.3603472916761,33248.92145235033,0.0,3,CRUISE
29.199999999998983,74778.37353753822,111.36979499488092,679.4756731719373,1.9992478133014149,717.707463629016,13.663964536124022,1.154716847869232,31532.985169839827,1265.074246260758,33235.16113284877,0.0,3,CRUISE
29.299999999998978,74710.43088631926,110.49669493819364,679.4884349658819,1.9992653323268756,717.4364921463687,13.667142109386777,1.152086825609229,31536.4469705905,1258.9091375859707,33221.771399453275,0.0,3,CRUISE
29.399999999998972,74642.4867855935,109.6384365932268,679.5009047702157,1.9992823323779434,717.1656282524407,13.670284409465722,1.1495017793991136,31539.855423747395,1252.8623901391657,33208.74338939445,0.0,3,CRUISE
29.499999999998966,74574.54127052646,108.79476756672132,679.5130902920606,1.9992988303646482,716.8948690365049,13.673392141954185,1.1469609360265163,31543.21123931176,1246.931436141206,33196.06825313659,0.0,3,CRUISE
29.59999999999896,74506.59437530593,107.96543976166556,679.5249990773817,1.9993148428200627,716.6242116598755,13.676465999608185,1.14446353521502,31546.51511739418,1241.1137694454505,33183.73717211586,0.0,3,CRUISE
29.699999999998955,74438.64613316556,107.15020930421717,679.5366385079899,1.999330385889873,716.3536533555833,13.679506662313234,1.142008829425752,31549.76774877808,1235.406943922633,33171.74137513356,0.0,3,CRUISE
29.79999999999895,74370.69657640843,106.3488364718222,679.5480157991972,1.999345475323891,716.0831914279214,13.682514797076971,1.1395960836804209,31552.969815433054,1229.8085719311102,33160.072153458656,0.0,3,CRUISE
29.899999999998943,74302.74573643068,105.56108562251521,679.5591379980808,1.9993601264693877,715.812823251874,13.685491058045722,1.137224575399855,31556.12199098039,1224.3163228578367,33148.72087469332,0.0,3,CRUISE
29.999999999998938,74234.79364374492,104.7867251253855,679.57001198231,1.999374354266102,715.5425462724367,13.688436086543152,1.1348935942527312,31559.224941114364,1218.9279217171145,33137.67899545388,0.0,3,CRUISE
30.099999999998932,74166.84032800361,104.02552729219587,679.5806444594967,1.9993881732428207,715.2723580038397,13.691350511129501,1.1326024420099576,31562.27932398184,1213.641147796054,33126.938072918594,0.0,3,CRUISE
30.199999999998926,74098.88581802217,103.27726831014097,679.591041967025,1.9994015975153854,715.00225602868,13.69423494767941,1.1303504324009623,31565.28579052341,1208.4538333376368,33116.48977529266,0.0,3,CRUISE
30.29999999999892,74030.93014180199,102.54172817573173,679.6012108723253,1.9994146407860385,714.7322379969735,13.69708999947714,1.1281368909689662,31568.24498477819,1203.3638622541628,33106.32589124044,0.0,3,CRUISE
30.399999999998915,73962.97332655307,101.81869062979382,679.6111573735552,1.9994273163439835,714.4623016251353,13.699916257327478,1.125961154923086,31571.157544155303,1198.3691688656531,33096.43833833332,0.0,3,CRUISE
30.49999999999891,73895.01539871648,101.10794309356564,679.6208875006544,1.9994396370670713,714.1924446948947,13.702714299681045,1.1238225729858264,31574.024099674003,1193.4677366593955,33086.81917056123,0.0,3,CRUISE
30.599999999998904,73827.05638398645,100.40927660588328,679.6304071167381,1.9994516154245068,713.9226650521521,13.705484692772634,1.121720505235168,31576.845276175194,1188.657597068224,33077.46058495474,0.0,3,CRUISE
30.699999999998898,73759.09630733207,99.72248576143731,679.6397219198016,1.999463263480491,713.6529606057871,13.708227990771299,1.1196543229409808,31579.621692505934,1183.936828266313,33068.35492736393,0.0,3,CRUISE
30.799999999998892,73691.1351930188,99.04736865008715,679.6488374447015,1.9994745928987008,713.3833293264225,13.710944735940926,1.1176234083959438,31582.35396167992,1179.3035539821944,33059.49469743946,0.0,3,CRUISE
30.899999999998887,73623.17306462942,98.38372679721708,679.657759065392,1.9994856149475413,713.11376924515,13.713635458810362,1.115627154741491,31585.042691014856,1174.7559423294376,33050.872552860405,0.0,3,CRUISE
30.99999999999888,73555.20994508464,97.73136510511887,679.6664919973831,1.9994963405060726,712.8442784522264,13.716300678351683,1.113664965789555,31587.688482249505,1170.292204655959,33042.48131285205,0.0,3,CRUISE
31.099999999998875,73487.24585666337,97.09009179538407,679.6750413004013,1.999506780070553,712.5748550957427,13.718940902165913,1.111736255841037,31590.291931641794,1165.9105944132195,33034.313961036685,0.0,3,CRUISE
31.19999999999887,73419.28082102245,96.45971835228964,679.6834118812228,1.9995169437615123,712.3054973802738,13.721556626674909,1.1098404495020233,31592.85363004983,1161.6094060467665,33026.363647659,0.0,3,CRUISE
31.299999999998864,73351.31485921599,95.84005946716019,679.6916084966647,1.9995268413313083,712.0362035655111,13.724148337318793,1.1079769814987899,31595.37416299733,1157.3869739095712,33018.62369122651,0.0,3,CRUISE
31.399999999998858,73283.34799171428,95.23093298368985,679.6996357567043,1.9995364821720827,711.7669719648859,13.726716508757795,1.1061452964926033,31597.854110725242,1153.241671199556,33011.08757960439,0.0,3,CRUISE
31.499999999998852,73215.38023842222,94.63215984420677,679.7074981277134,1.9995458753240738,711.4978009441851,13.729261605077905,1.104344848895266,31600.294048230815,1149.1719089225405,33003.748970603614,0.0,3,CRUISE
31.599999999998847,73147.41161869725,94.04356403686336,679.7151999357849,1.9995550294842226,711.2286889201646,13.731784079999429,1.1025751026862423,31602.694545295504,1145.1761348815983,32996.601692098826,0.0,3,CRUISE
31.69999999999884,73079.44215136694,93.46497254373557,679.7227453701355,1.999563953015018,710.9596343591631,13.734284377087755,1.1008355312320928,31605.05616650326,1141.2528326936088,32989.63974171226,0.0,3,CRUISE
31.799999999998835,73011.47185474593,92.89621528981456,679.7301384865698,1.9995726539535468,710.6906357757216,13.736762929965835,1.0991256171088133,31607.3794712499,1137.4005208334652,32982.85728609795,0.0,3,CRUISE
31.89999999999883,72943.50074665261,92.3371250928744,679.737383210987,1.999581140020684,710.4216917312086,13.7392201625275,1.097444851927555,31609.66501374538,1133.6177517062056,32976.24865985959,0.0,3,CRUISE
31.999999999998824,72875.52884442512,91.78753761420005,679.74448334292,1.9995894186303982,710.1528008324572,13.74165648915121,1.0957927361640578,31611.913343009266,1129.9031107470244,32969.808364133576,0.0,3,CRUISE
32.09999999999882,72807.55616493704,91.2472913101596,679.7514425590903,1.99959749689912,709.8839617304137,13.744072314913653,1.0941687789920331,31614.125002861263,1126.2552155489352,32963.531064867886,0.0,3,CRUISE
32.199999999998816,72739.58272461253,90.71622738460586,679.7582644169696,1.999605381655152,709.6151731188031,13.74646803580273,1.092572498120618,31616.30053190664,1122.672715017627,32957.41159082559,0.0,3,CRUISE
32.29999999999881,72671.60853944112,90.19418974209198,679.7649523583364,1.9996130794480766,709.3464337328106,13.748844038929462,1.0910034196359304,31618.440463518513,1119.1542885529175,32951.444931340564,0.0,3,CRUISE
32.399999999998805,72603.63362499187,89.68102494188685,679.7715097128154,1.9996205965581335,709.0777423477829,13.75120070273837,1.0894610778466924,31620.545325816867,1115.6986452560611,32945.62623385153,0.0,3,CRUISE
32.4999999999988,72535.6579964272,89.17658215277584,679.7779397013943,1.999627939005546,708.8090977779507,13.753538397216074,1.0879450151338144,31622.61564164553,1112.3045231620688,32939.950801239305,0.0,3,CRUISE
32.59999999999879,72467.6816685163,88.68071310863314,679.7842454399065,1.999635112559765,708.540498875173,13.755857484097637,1.086454781803799,31624.6519285476,1108.970688496133,32934.41408899031,0.0,3,CRUISE
32.69999999999879,72399.704655648,88.19327206475239,679.7904299424737,1.9996421227486105,708.2719445277064,13.758158317070421,1.0849899359457937,31626.65469873976,1105.6959349532215,32929.01170220862,0.0,3,CRUISE
32.79999999999878,72331.72697184331,87.71411575492196,679.7964961249028,1.9996489748672952,708.0034336589986,13.760441241975261,1.083550043292095,31628.624459086335,1102.4790829998692,32923.73939249709,0.0,3,CRUISE
32.899999999998776,72263.7486307674,87.2431033492325,679.8024468080275,1.999655673987302,707.7349652265069,13.762706597004502,1.0821346770819102,31630.56171107329,1099.3189791972359,32918.593054726894,0.0,3,CRUISE
32.99999999999877,72195.76964574141,86.78009641260392,679.808284720995,1.9996622249651126,707.4665382205461,13.764954712896948,1.080743417928172,31632.466950782644,1096.2144955444862,32913.56872371381,0.0,3,CRUISE
33.099999999998765,72127.7900297536,86.32495886401932,679.8140125044853,1.999668632450759,707.1981516631611,13.767185913129289,1.0793758536872238,31634.340668867986,1093.1645288416275,32908.662570818036,0.0,3,CRUISE
33.19999999999876,72059.80979547021,85.87755693645447,679.8196327138694,1.999674900896204,706.9298046070286,13.769400514104092,1.0780315793311908,31636.183350530828,1090.168000070931,32903.87090048327,0.0,3,CRUISE
33.299999999998754,71991.82895524598,85.43775913749022,679.8251478222942,1.9996810345635239,706.661496134388,13.77159882533404,1.076710196822883,31637.9954754988,1087.223853796192,32899.19014672986,0.0,3,CRUISE
33.39999999999875,71923.84752113423,85.00543621059664,679.8305602236932,1.999687037532891,706.3932253559998,13.773781149622314,1.0754113149930848,31639.777518005252,1084.3310575790665,32894.61686961542,0.0,3,CRUISE
33.49999999999874,71855.86550489662,84.58046109707752,679.8358722357247,1.9996929137103496,706.1249914101335,13.775947783239163,1.0741345494201082,31641.529946771323,1081.4886014118167,32890.14775167571,0.0,3,CRUISE
33.59999999999874,71787.88291801247,84.16270889866385,679.8410861026308,1.9996986668353813,705.8567934615847,13.778099016094412,1.0728795223115106,31643.253224989632,1078.6954971658577,32885.779594357045,0.0,3,CRUISE
33.69999999999873,71719.89977168782,83.75205684074544,679.846203998018,1.999704300488248,705.5886307007211,13.780235131905988,1.071645862387889,31644.947810310732,1075.950778055519,32881.50931445125,0.0,3,CRUISE
33.799999999998725,71651.91607686413,83.34838423622958,679.8512280275578,1.9997098180971162,705.3205023425577,13.78235640836436,1.0704332047686786,31646.614154831856,1073.253498116508,32877.33394054246,0.0,3,CRUISE
33.89999999999872,71583.93184422667,82.95157245001641,679.8561602316059,1.9997152229449555,705.052407625861,13.784463117292827,1.0692411908599073,31648.252705088315,1070.6027316985935,32873.25060947523,0.0,3,CRUISE
33.999999999998714,71515.94708421254,82.56150486408028,679.8610025877409,1.9997205181762119,704.7843458122804,13.786555524803763,1.0680694682438605,31649.863902047535,1067.9975729720702,32869.25656285153,0.0,3,CRUISE
34.09999999999871,71447.96180701844,82.1780668431466,679.8657570132211,1.9997257068032546,704.5163161855108,13.788633891450703,1.0669176905706208,31651.448181105876,1065.4371354475813,32865.34914356444,0.0,3,CRUISE
34.1999999999987,71379.97602260804,81.80114570095458,679.870425367359,1.999730791712594,704.2483180504809,13.790698472376258,1.065785517451464,31653.005972088242,1062.9205515089407,32861.52579237482,0.0,3,CRUISE
34.2999999999987,71311.98974071932,81.43063066709519,679.8750094538175,1.999735775670882,703.9803507325703,13.792749517456121,1.0646726143540874,31654.537699250443,1060.4469719585513,32857.78404453711,0.0,3,CRUISE
34.39999999999869,71244.00297087133,81.06641285441465,679.8795110228223,1.9997406613306778,703.7124135768529,13.794787271438821,1.0635786524996518,31656.04378128442,1058.015565575123,32854.121526479554,0.0,3,CRUISE
34.499999999998685,71176.01572237082,80.70838522697441,679.8839317732971,1.9997454512359998,703.444505947369,13.796811974081576,1.0625033087616311,31657.5246313263,1055.625518683318,32850.53595254353,0.0,3,CRUISE
34.59999999999868,71108.02800431864,80.35644256855696,679.8882733549192,1.9997501478276527,703.1766272264223,13.798823860282159,1.0614462655664474,31658.980656967316,1053.2760347350306,32847.02512178615,0.0,3,CRUISE
34.699999999998674,71040.03982561588,80.010481451709,679.8925373700968,1.9997547534483422,702.9087768139015,13.800823160206818,1.0604072107958855,31660.412260267403,1050.9663339019835,32843.58691484973,0.0,3,CRUISE
34.79999999999867,70972.05119496974,79.67040020731228,679.8967253758727,1.99975927034758,702.6409541266305,13.802810099414403,1.059385837691263,31661.819837771385,1048.6956526793222,32840.21929090129,0.0,3,CRUISE
34.89999999999866,70904.06212089912,79.3360988946733,679.9008388857502,1.999763700686372,702.3731585977405,13.80478489897665,1.0583818447593476,31663.203780528194,1046.4632434999405,32836.92028464451,0.0,3,CRUISE
34.99999999999866,70836.07261174021,79.00747927212268,679.9048793714468,1.9997680465417074,702.105389676066,13.806747775594754,1.0573949356799974,31664.5644741125,1044.2683743592122,32833.68800340669,0.0,3,CRUISE
35.09999999999865,70768.08267565153,78.68444476811581,679.9088482645772,1.9997723099108502,701.8376468255673,13.808698941712352,1.0564248192155004,31665.902298648765,1042.1103284498504,32830.52062430225,0.0,3,CRUISE
35.199999999998646,70700.0923206191,78.36690045282573,679.9127469582645,1.9997764927154313,701.5699295247708,13.810638605624856,1.0554712091215965,31667.217628838025,1039.9884038066195,32827.416391474166,0.0,3,CRUISE
35.29999999999864,70632.10155446117,78.05475301022027,679.9165768086856,1.9997805968053564,701.302237266237,13.812566971585412,1.0545338240601496,31668.5108339868,1037.9019129605938,32824.373613414595,0.0,3,CRUISE
35.399999999998634,70564.11038483294,77.74791071061458,679.920339136547,1.9997846239625208,701.0345695560453,13.814484239907342,1.0536123875134433,31669.782278038616,1035.8501826027089,32821.390660365134,0.0,3,CRUISE
35.49999999999863,70496.11881923093,77.44628338369154,679.9240352284995,1.9997885759043537,700.7669259133028,13.816390607063365,1.052706627700075,31671.032319607504,1033.8325532563215,32818.465961797396,0.0,3,CRUISE
35.59999999999862,70428.12686499738,77.14978239198139,679.9276663384883,1.9997924542871879,700.4993058696716,13.818286265781564,1.051816277492409,31672.261312013536,1031.848378958502,32815.59800397387,0.0,3,CRUISE
35.69999999999862,70360.13452932429,76.85832060479326,679.9312336890425,1.9997962607094533,700.2317089689162,13.820171405138172,1.0509410743355647,31673.46960332084,1029.8970269498093,32812.78532758903,0.0,3,CRUISE
35.79999999999861,70292.14181925739,76.57181237259044,679.9347384725072,1.9997999967147182,699.9641347664696,13.822046210647384,1.0500807601679079,31674.65753637691,1027.977877372296,32810.026525490255,0.0,3,CRUISE
35.899999999998606,70224.14874170003,76.29017350180207,679.9381818522182,1.999803663794569,699.6965828290181,13.823910864348171,1.049235081343003,31675.825448854284,1026.0903229754674,32807.32024047808,0.0,3,CRUISE
35.9999999999986,70156.15530341679,76.01332123006354,679.9415649636214,1.9998072633913369,699.4290527341036,13.82576554488821,1.0484037885530058,31676.973673293694,1024.2337688299826,32804.66516318501,0.0,3,CRUISE
36.099999999998595,70088.16151103705,75.74117420187869,679.944888915342,1.9998107969006862,699.1615440697416,13.827610427605117,1.04758663675346,31678.10253714876,1022.4076320488384,32802.06003003182,0.0,3,CRUISE
36.19999999999859,70020.16737105837,75.47365244469599,679.948154790198,1.9998142656740512,698.8940564340571,13.829445684604824,1.0467833850894621,31679.21236283245,1020.6113415158252,32799.50362126053,0.0,3,CRUISE
36.29999999999858,69952.1728898498,75.21067734539209,679.9513636461714,1.999817671020952,698.6265894349361,13.831271484837567,1.0459937968231692,31680.303467764817,1018.8443376210099,32796.9947590425,0.0,3,CRUISE
36.39999999999858,69884.17807365503,74.95217162715583,679.954516517328,1.9998210142111752,698.3591426896913,13.83308799417121,1.0452176392626202,31681.376164421905,1017.1060720030574,32794.53230566055,0.0,3,CRUISE
36.49999999999857,69816.18292859543,74.69805932676536,679.9576144146923,1.999824296476825,698.0917158247427,13.834895375462175,1.0444546836918385,31682.430760386294,1015.39600729817,32792.11516176342,0.0,3,CRUISE
36.599999999998566,69748.187460673,74.44826577225227,679.9606583270827,1.9998275190142702,697.824308475312,13.836693788624082,1.043704705302189,31683.467558398384,1013.7136168954438,32789.74226469121,0.0,3,CRUISE
36.69999999999856,69680.1916757732,74.20271756094566,679.9636492219023,1.99983068298597,697.5569202851312,13.83848339069409,1.0429674831249622,31684.48685640875,1012.0583846984507,32787.412586870036,0.0,3,CRUISE
36.799999999998555,69612.19557966766,73.96134253789006,679.9665880458912,1.9998337895221903,697.2895509061631,13.840264335897036,1.0422427999651647,31685.488947631722,1010.4298048928789,32785.12513427419,0.0,3,CRUISE
36.89999999999855,69544.19917801689,73.72406977463031,679.9694757258419,1.9998368397226252,697.0221999983328,13.842036775707587,1.0415304423364817,31686.47412059942,1008.8273817200153,32782.87894495411,0.0,3,CRUISE
36.99999999999854,69476.20247637277,73.49082954835782,679.9723131692779,1.9998398346579134,696.7548672292756,13.843800858910235,1.0408302003973968,31687.442659216944,1007.250629255943,32780.67308762823,0.0,3,CRUISE
37.09999999999854,69408.205480181,73.26155332141136,679.975101265098,1.9998427753710692,696.4875522740894,13.845556731657458,1.0401418678884418,31688.3948428177,1005.6990711962521,32778.506660337036,0.0,3,CRUISE
37.19999999999853,69340.20819478355,73.03617372112683,679.977840884189,1.9998456628788184,696.2202548151031,13.847304537525986,1.0394652420705535,31689.330946219932,1004.1722406461199,32776.37878915721,0.0,3,CRUISE
37.299999999998526,69272.21062542092,72.81462452002984,679.9805328800062,1.9998484981728555,695.9529745416537,13.849044417571289,1.038800123664518,31690.2512397833,1002.6696799156048,32774.288626974136,0.0,3,CRUISE
37.39999999999852,69204.21277723435,72.59684061636521,679.983178089125,1.9998512822210202,695.6857111498718,13.850776510380332,1.0381463167914813,31691.155989466035,1001.1909403200037,32772.23535231091,0.0,3,CRUISE
37.499999999998515,69136.21465526806,72.38275801495791,679.9857773317641,1.9998540159683988,695.4184643424785,13.852500952122655,1.037503628914509,31692.045456882464,999.7355819851341,32770.218168211664,0.0,3,CRUISE
37.59999999999851,69068.21626447122,72.17231380839938,679.9883314122827,1.9998567003383556,695.1512338285894,13.854217876599948,1.0368718707811655,31692.919899360728,998.3031736573838,32768.23630117765,0.0,3,CRUISE
37.699999999998504,69000.2176097001,71.9654461585541,679.9908411196519,1.9998593362334964,694.884019323528,13.855927415294035,1.036250856367109,31693.77957000082,996.8932925184221,32766.289000153894,0.0,3,CRUISE
37.7999999999985,68932.21869571993,71.76209427838066,679.993307227903,1.999861924536571,694.616820548648,13.857629697413445,1.035640402820668,31694.62471773263,995.5055240044109,32764.375535564697,0.0,3,CRUISE
37.89999999999849,68864.2195272069,71.56219841406212,679.9957304965517,1.9998644661113123,694.3496372311599,13.859324849938558,1.0350403304083946,31695.45558737422,994.1394616296212,32762.495198395995,0.0,3,CRUISE
37.99999999999849,68796.22010874991,71.36569982744037,679.9981116710032,1.9998669618032254,694.0824691039696,13.86101299766545,1.0344504624615662,31696.272419689885,992.794706814302,32760.647299322874,0.0,3,CRUISE
38.09999999999848,68728.22044485247,71.17254077874917,680.0004514829351,1.999869412440319,693.8153159055206,13.86269426324841,1.033870625323627,31697.07545144843,991.4708687167135,32758.831167880307,0.0,3,CRUISE
38.199999999998475,68660.2205399344,70.98266450964101,680.002750650662,1.9998718188337892,693.5481773796432,13.864368767241277,1.0333006482985438,31697.864915481132,990.1675640691834,32757.046151675353,0.0,3,CRUISE
38.29999999999847,68592.22039833345,70.79601522650258,680.0050098794827,1.9998741817786583,693.2810532754112,13.866036628137579,1.0327403636000654,31698.641040739803,988.8844170180882,32755.29161563915,0.0,3,CRUISE
38.399999999998464,68524.22002430711,70.612538084054,680.00722986201,1.999876502054371,693.0139433470033,13.867697962409558,1.032189606301869,31699.4040523542,987.621058967657,32753.566941316818,0.0,3,CRUISE
38.49999999999846,68456.21942203408,70.43217916922725,680.0094112784838,1.9998787804253435,692.746847353571,13.86935288454607,1.0316482142885723,31700.154171689883,986.3771284274826,32751.871526193703,0.0,3,CRUISE
38.59999999999845,68388.21859561586,70.25488548531837,680.0115547970707,1.9998810176414856,692.4797650591107,13.871001507089543,1.0311160282076013,31700.891616405024,985.1522708636376,32750.204783056448,0.0,3,CRUISE
38.69999999999845,68320.21754907837,70.08060493640956,680.0136610741492,1.9998832144386784,692.2126962323432,13.872643940671875,1.030592891421893,31701.61660050749,983.9461385533086,32748.566139386978,0.0,3,CRUISE
38.79999999999844,68252.2162863733,69.90928631205593,680.0157307545803,1.9998853715392249,691.9456406465946,13.874280294049397,1.0300786499634242,31702.32933441114,982.7583904428483,32746.955036788142,0.0,3,CRUISE
38.899999999998435,68184.21481137961,69.74087927223287,680.0177644719677,1.999887489652265,691.678598079685,13.87591067413697,1.0295731524875447,31703.030024992175,981.5886920091427,32745.37093043937,0.0,3,CRUISE
38.99999999999843,68116.21312790498,69.57533433253936,680.019762848905,1.9998895694741694,691.4115683138186,13.877535186041172,1.0290762502281021,31703.71887564439,980.4367151242194,32743.813288580925,0.0,3,CRUISE
39.099999999998424,68048.21123968714,69.4126028496528,680.0217264972126,1.9998916116888985,691.1445511354808,13.87915393309268,1.0285877969533481,31704.39608633477,979.3021379230026,32742.281592025247,0.0,3,CRUISE
39.19999999999842,67980.20915039521,69.25263700703137,680.023656018164,1.9998936169683441,690.877546335337,13.880767016877812,1.028107648922607,31705.061853657833,978.1846446741339,32740.77533369428,0.0,3,CRUISE
39.29999999999841,67912.20686363104,69.0953898008594,680.0255520027031,1.9998955859726444,690.6105537081359,13.882374537269378,1.0276356648436924,31705.71637089,977.0839256537662,32739.29401818114,0.0,3,CRUISE
39.39999999999841,67844.20438293047,68.94081502623158,680.0274150316515,1.9998975193504789,690.3435730526164,13.883976592456735,1.0271717058310625,31706.359828043252,975.9996770222682,32737.837161335032,0.0,3,CRUISE
39.4999999999984,67776.2017117646,68.78886726357258,680.0292456759095,1.999899417739348,690.0766041714173,13.885573278975192,1.0267156353646978,31706.99241191798,974.9316007037502,32736.404289868202,0.0,3,CRUISE
39.599999999998396,67708.19885354102,68.63950186528702,680.0310444966467,1.9999012817658282,689.8096468709905,13.887164691734695,1.0262673192496898,31707.614306155738,973.8794042683448,32734.994940983735,0.0,3,CRUISE
39.69999999999839,67640.19581160494,68.49267494263688,680.0328120454874,1.9999031120458148,689.5427009615166,13.88875092404788,1.025826625576526,31708.225691290987,972.8428008171652,32733.60866202298,0.0,3,CRUISE
39.799999999998384,67572.19258924048,68.34834335284188,680.0345488646888,1.999904909184755,689.2757662568247,13.890332067657576,1.0253934246820575,31708.826744802325,971.8215088698656,32732.245010131595,0.0,3,CRUISE
39.89999999999838,67504.18918967171,68.20646468639904,680.0362554873107,1.9999066737778521,689.008842574313,13.891908212763537,1.0249675891111438,31709.417641163298,970.8152522547585,32730.903551943175,0.0,3,CRUISE
39.99999999999837,67436.18561606386,68.0669972546182,680.0379324373832,1.9999084064102757,688.7419297348728,13.893479448048838,1.0245489935789536,31709.998551892335,969.823760001389,32729.58386327958,0.0,3,CRUISE
40.09999999999837,67368.18187152431,67.92990007736918,680.0395802300659,1.9999101076573487,688.4750275628148,13.895045860705515,1.0241375149339171,31710.569645602,968.8467662355345,32728.28552886668,0.0,3,CRUISE
40.19999999999836,67300.1779591038,67.7951328710374,680.0411993718026,1.9999117780847264,688.2081358857987,13.896607536459813,1.023733032121314,31711.13108804789,967.8840100765467,32727.008142064988,0.0,3,CRUISE
40.299999999998356,67232.17388179735,67.66265603668424,680.0427903604722,1.9999134182485698,687.9412545347624,13.898164559596836,1.0233354261474892,31711.6830421765,966.9352355369884,32725.75130461407,0.0,3,CRUISE
40.39999999999835,67164.16964254538,67.53243064840882,680.0443536855336,1.9999150286957044,687.6743833438559,13.899717012984754,1.0229445800446806,31712.225668172723,966.0001914244956,32724.514626390002,0.0,3,CRUISE
40.499999999998344,67096.16524423473,67.40441844190738,680.0458898281677,1.9999166099637748,687.4075221503755,13.901264978098512,1.0225603788364526,31712.75912350649,965.0786312458177,32723.29772517518,0.0,3,CRUISE
40.59999999999834,67028.16068969957,67.27858180322758,680.0473992614147,1.9999181625813947,687.1406707947,13.902808535043105,1.0221827095037241,31713.283562978715,964.1703131129811,32722.10022643952,0.0,3,CRUISE
40.69999999999833,66960.15598172248,67.15488375771362,680.0488824503092,1.9999196870682854,686.8738291202301,13.904347762576391,1.0218114609513773,31713.799138766713,963.2749996515117,32720.921763132526,0.0,3,CRUISE
40.79999999999833,66892.15112303529,67.03328795913956,680.0503398520094,1.9999211839354125,686.6069969733267,13.905882738131497,1.021446523975441,31714.306000468827,962.3924579106769,32719.76197548548,0.0,3,CRUISE
40.89999999999832,66824.14611632016,66.91375867902728,680.0517719159255,1.999922653685115,686.3401742032535,13.907413537838774,1.0210877912308345,31714.804295148362,961.5224592756928,32718.620510823104,0.0,3,CRUISE
40.999999999998316,66756.14096421035,66.79626079614603,680.053179083845,1.9999240968112344,686.0733606621196,13.908940236547433,1.0207351571996681,31715.294167376844,960.664779381844,32717.4970233842,0.0,3,CRUISE
41.09999999999831,66688.1356692912,66.68075978619062,680.0545617900525,1.999925513799232,685.8065562048237,13.910462907846684,1.0203885181600834,31715.775759276676,959.8191980304761,32716.391174150518,0.0,3,CRUISE
41.199999999998305,66620.13023410099,66.56722171163507,680.0559204614508,1.9999269051263096,685.5397606889996,13.911981624086568,1.0200477721556276,31716.249210563048,958.9854991068057,32715.302630683527,0.0,3,CRUISE
41.2999999999983,66552.12466113185,66.45561321175855,680.0572555176776,1.9999282712615274,685.2729739749649,13.913496456398468,1.0197128189651552,31716.714658585097,958.1634704995093,32714.231066968383,0.0,3,CRUISE
41.39999999999829,66484.11895283055,66.34590149284124,680.0585673712188,1.9999296126659112,685.0061959256668,13.915007474715122,1.0193835600732435,31717.17223836651,957.3529040220535,32713.176163264765,0.0,3,CRUISE
41.49999999999829,66416.11311159938,66.2380543185265,680.059856427522,1.9999309297925638,684.7394264066332,13.916514747790455,1.019059898641113,31717.62208264561,956.5535953357046,32712.137605964163,0.0,3,CRUISE
41.59999999999828,66348.10713979695,66.13204000034719,680.0611230851073,1.9999322230867773,684.4726652859233,13.918018343218991,1.0187417394780487,31718.064321914208,955.7653438741992,32711.115087452898,0.0,3,CRUISE
41.699999999998276,66280.101039739,66.02782738841292,680.0623677356746,1.999933492986133,684.205912434078,13.919518327454934,1.0184289890133076,31718.499084456533,954.987952770021,32710.10830598087,0.0,3,CRUISE
41.79999999999827,66212.0948136992,65.92538586225565,680.0635907642115,1.9999347399206084,683.9391677240744,13.92101476583096,1.0181215552685088,31718.926496387034,954.2212287822529,32709.11696553547,0.0,3,CRUISE
41.899999999998265,66144.08846390988,65.82468532183078,680.0647925490978,1.99993596431268,683.6724310312783,13.922507722576697,1.0178193478304949,31719.346681687624,953.4649822259598,32708.140775720232,0.0,3,CRUISE
41.99999999999826,66076.08199256287,65.72569617867147,680.0659734622081,1.9999371665774228,683.4057022333991,13.923997260836867,1.0175222778246586,31719.75976224439,952.7190269030747,32707.17945163819,0.0,3,CRUISE
42.09999999999825,66008.07540181019,65.62838934719319,680.0671338690164,1.9999383471226162,683.1389812104459,13.925483442689227,1.0172302578887231,31720.16585788351,951.9831800347359,32706.232713779194,0.0,3,CRUISE
42.19999999999825,65940.0686937648,65.53273623614609,680.0682741286935,1.9999395063488359,682.8722678446835,13.926966329162113,1.0169432021469735,31720.565086406867,951.2572621950667,32705.30028791131,0.0,3,CRUISE
42.29999999999824,65872.0618705013,65.43870874021265,680.0693945942072,1.999940644649558,682.6055620205908,13.928445980251722,1.0166610261849263,31720.95756362651,950.5410972463372,32704.381904975857,0.0,3,CRUISE
42.399999999998236,65804.05493405672,65.34627923174837,680.0704956124207,1.9999417624112559,682.3388636248177,13.929922454939204,1.0163836470244347,31721.343403399085,949.8345122754919,32703.477300985876,0.0,3,CRUISE
42.49999999999823,65736.0478864311,65.25542055266264,680.0715775241878,1.9999428600134954,682.0721725461452,13.931395811207395,1.0161109830992154,31721.722717659282,949.1373375320007,32702.586216927717,0.0,3,CRUISE
42.599999999998225,65668.04072958822,65.16610600643762,680.072640664449,1.999943937829036,681.8054886754451,13.93286610605732,1.0158429542307976,31722.09561645282,948.4494063670169,32701.70839866567,0.0,3,CRUISE
42.69999999999822,65600.03346545635,65.07830935028306,680.073685362324,1.9999449962239213,681.5388119056399,13.934333395524401,1.0155794816048802,31722.462207968914,947.7705551737954,32700.843596849318,0.0,3,CRUISE
42.799999999998214,65532.026095928726,64.99200478742424,680.0747119412055,1.9999460355575784,681.272142131665,13.935797734694463,1.0153204877480924,31722.822598571995,947.1006233293491,32699.991566823624,0.0,3,CRUISE
42.89999999999821,65464.0186228644,64.90716695952098,680.0757207188509,1.9999470561829145,681.0054792504309,13.937259177719493,1.0150658965051547,31723.176892833093,946.439453137316,32699.15206854123,0.0,3,CRUISE
42.9999999999982,65396.01104808874,64.8237709392158,680.0767120074715,1.999948058446408,680.738823160785,13.938717777833071,1.0148156330164266,31723.525193560425,945.786889772011,32698.32486647724,0.0,3,CRUISE
43.0999999999982,65328.00337339407,64.74179222280847,680.0776861138226,1.9999490426882058,680.4721737634765,13.94017358736563,1.0145696236958381,31723.867601829614,945.142781223625,32697.50972954605,0.0,3,CRUISE
43.19999999999819,65259.995600540366,64.66120672305523,680.0786433392914,1.9999500092422173,680.2055309611189,13.941626657759501,1.0143277962091994,31724.20421701334,944.5069782445554,32696.706431020117,0.0,3,CRUISE
43.299999999998185,65191.987731255744,64.58199076209033,680.0795839799845,1.999950958436208,679.9388946581564,13.94307703958364,1.0140900794528798,31724.535136810362,943.8793342968405,32695.91474845073,0.0,3,CRUISE
43.39999999999818,65123.97976723712,64.50412106446814,680.0805083268133,1.9999518905918934,679.6722647608283,13.944524782548195,1.0138564035328508,31724.86045727411,943.2597055006643,32695.13446359043,0.0,3,CRUISE
43.499999999998174,65055.97171015074,64.42757475032302,680.0814166655796,1.999952806025031,679.4056411771356,13.945969935518821,1.0136266997440861,31725.180272840837,942.64795058392,32694.365362317225,0.0,3,CRUISE
43.59999999999817,64987.96356163283,64.3523293286461,680.0823092770587,1.9999537050455136,679.1390238168074,13.947412546530742,1.0134009005503155,31725.494676357062,942.0439308328014,32693.607234560288,0.0,3,CRUISE
43.69999999999816,64919.95532329004,64.27836269067589,680.0831864370832,1.9999545879574632,678.872412591268,13.94885266280268,1.0131789395641215,31725.80375910672,941.4475100433924,32692.859874227135,0.0,3,CRUISE
43.79999999999816,64851.94699670011,64.20565310340135,680.0840484166246,1.9999554550593204,678.6058074136058,13.95029033075048,1.012960751527378,31726.10761083773,940.8585544742499,32692.123079132307,0.0,3,CRUISE
43.89999999999815,64783.93858341231,64.13417920317556,680.0848954818738,1.9999563066439383,678.3392081985406,13.951725596000541,1.012746272292019,31726.406319788093,940.2769327999364,32691.396650927327,0.0,3,CRUISE
43.999999999998145,64715.930084948006,64.06391998943772,680.085727894321,1.9999571429986698,678.0726148623928,13.953158503403069,1.0125354388011414,31726.699972711594,939.7025160655023,32690.680395031908,0.0,3,CRUISE
44.09999999999814,64647.92150280119,63.994854818542045,680.0865459108356,1.9999579644054637,677.8060273230535,13.95458909704513,1.0123281890704237,31726.988654902918,939.1351776418758,32689.9741205665,0.0,3,CRUISE
44.199999999998134,64579.91283843898,63.926963397691416,680.0873497837426,1.9999587711409494,677.5394454999542,13.956017420263414,1.0121244621698662,31727.27245022246,938.5747931821585,32689.277640285858,0.0,3,CRUISE
44.29999999999813,64511.90409330212,63.860225778974296,680.0881397609007,1.99995956347653,677.2728693140378,13.95744351565692,1.0119241982058407,31727.551441120573,938.0212405787945,32688.590770513776,0.0,3,CRUISE
44.39999999999812,64443.89526880541,63.79462235350284,680.0889160857774,1.9999603416784688,677.0062986877291,13.958867425099337,1.011727338303447,31727.825708661505,937.4743999216017,32687.91333107897,0.0,3,CRUISE
44.49999999999812,64375.88636633834,63.73013384565083,680.0896789975235,1.9999611060079758,676.739733544907,13.96028918975126,1.0115338245891698,31728.09533254685,936.9341534566394,32687.245145251894,0.0,3,CRUISE
44.59999999999811,64307.87738726537,63.66674130738938,680.0904287310485,1.9999618567213016,676.4731738108773,13.961708850072283,1.0113436001738314,31728.360391138456,936.4003855458944,32686.5860396827,0.0,3,CRUISE
44.699999999998106,64239.86833292653,63.604426112719054,680.0911655170918,1.999962594069816,676.2066194123441,13.963126445832767,1.0111566091358357,31728.620961481276,935.87298262778,32685.93584433999,0.0,3,CRUISE
44.7999999999981,64171.8592046378,63.54316995219655,680.0918895822952,1.9999633183000984,675.9400702773838,13.964542016125542,1.0109727965046986,31728.8771193254,935.3518331784113,32685.294392450684,0.0,3,CRUISE
44.899999999998094,64103.85000369162,63.48295482755449,680.0926011492744,1.9999640296540238,675.6735263354191,13.965955599377363,1.010792108244856,31729.12893914798,934.8368276736488,32684.6615204407,0.0,3,CRUISE
44.99999999999809,64035.84073135727,63.423763046412546,680.0933004366882,1.9999647283688446,675.4069875171919,13.967367233360207,1.0106144912397519,31729.376494174678,934.3278585519012,32684.037067876583,0.0,3,CRUISE
45.09999999999808,63967.83138888131,63.36557721707861,680.0939876593076,1.9999654146772756,675.1404537547393,13.968776955202342,1.0104398932761947,31729.619856400743,933.8248201776554,32683.420877407967,0.0,3,CRUISE
45.19999999999808,63899.82197748803,63.30838024343823,680.0946630280837,1.9999660888075759,674.873924981368,13.970184801399283,1.0102682630289823,31729.85909661169,933.327608805735,32682.81279471095,0.0,3,CRUISE
45.29999999999807,63831.81249837981,63.2521553199309,680.0953267502151,1.9999667509836319,674.6074011316305,13.971590807824553,1.0100995500457879,31730.09428440374,932.8361225462492,32682.212668432298,0.0,3,CRUISE
45.399999999998066,63763.802952737606,63.1968859266119,680.0959790292133,1.9999674014250366,674.3408821412999,13.972995009740206,1.009933704732305,31730.325488203696,932.3502613302486,32681.62035013442,0.0,3,CRUISE
45.49999999999806,63695.79334172127,63.14255582429782,680.0966200649676,1.9999680403471698,674.0743679473476,13.974397441807284,1.009770678337642,31730.552775288663,931.8699268760381,32681.035694241327,0.0,3,CRUISE
45.599999999998055,63627.78366646996,63.08914904979485,680.0972500538105,1.9999686679612796,673.8078584879198,13.975798138096032,1.0096104229399718,31730.776211805314,931.3950226561597,32680.45855798521,0.0,3,CRUISE
45.69999999999805,63559.77392810255,63.036649911207974,680.097869188579,1.9999692844745562,673.5413537023146,13.977197132095956,1.0094528914324201,31730.995862788903,930.9254538650183,32679.888801353878,0.0,3,CRUISE
45.79999999999804,63491.76412771797,62.98504298333009,680.0984776586777,1.9999698900902119,673.2748535309598,13.978594456725748,1.0092980375091973,31731.211792181883,930.4611273871387,32679.326287039057,0.0,3,CRUISE
45.89999999999804,63423.75426639561,62.9343131031093,680.0990756501399,1.9999704850075568,673.0083579153915,13.979990144343002,1.009145815651966,31731.424062852155,930.0019517660415,32678.770880385404,0.0,3,CRUISE
45.99999999999803,63355.74434519564,62.884445365193365,680.0996633456874,1.9999710694220711,672.7418667982317,13.981384226753821,1.0089961811164412,31731.632736611264,929.5478371737242,32678.222449340283,0.0,3,CRUISE
46.099999999998026,63287.7343651594,62.835425117549946,680.1002409247905,1.9999716435254833,672.4753801231691,13.98277673522223,1.0088490899192175,31731.83787423189,929.0986953807344,32677.680864404367,0.0,3,CRUISE
46.19999999999802,63219.72432730971,62.787237957161096,680.1008085637254,1.9999722075058386,672.2088978349359,13.984167700479434,1.0087044988248226,31732.039535465334,928.6544397268248,32677.145998582946,0.0,3,CRUISE
46.299999999998015,63151.71423265127,62.739869725791145,680.1013664356324,1.9999727615475738,671.9424198792906,13.985557152732932,1.0085623653329912,31732.237779058625,928.2149850921769,32676.617727338045,0.0,3,CRUISE
46.39999999999801,63083.70408217092,62.69330650582636,680.1019147105717,1.9999733058315865,671.6759462029953,13.98694512167551,1.0084226476661533,31732.432662771305,927.7802478691744,32676.095928541203,0.0,3,CRUISE
46.499999999998,63015.693876838035,62.647534616185425,680.1024535555791,1.9999738405353045,671.4094767537987,13.988331636494001,1.0082853047571387,31732.624243391852,927.3501459347293,32675.580482427114,0.0,3,CRUISE
46.599999999998,62947.683617604795,62.60254060829935,680.102983134721,1.9999743658327538,671.1430114804149,13.989716725878004,1.0081502962370894,31732.812576754175,926.9245986231352,32675.071271547935,0.0,3,CRUISE
46.69999999999799,62879.67330540651,62.55831126215979,680.1035036091474,1.999974881894628,670.8765503325063,13.991100418028376,1.0080175824235786,31732.997717753246,926.5035266994474,32674.568180728347,0.0,3,CRUISE
46.799999999997986,62811.66294116199,62.51483358243449,680.1040151371457,1.9999753888883527,670.610093260665,13.992482740665622,1.0078871243089307,31733.17972036103,926.086852333365,32674.07109702132,0.0,3,CRUISE
46.89999999999798,62743.65252577375,62.472094794648676,680.1045178741908,1.9999758869781492,670.343640216394,13.993863721038108,1.0077588835487428,31733.358637641835,925.6744990736288,32673.579909664673,0.0,3,CRUISE
46.999999999997975,62675.64206012839,62.43008234143152,680.1050119729982,1.9999763763251024,670.0771911520895,13.995243385930186,1.0076328224505988,31733.53452176737,925.2663918228932,32673.09451003837,0.0,3,CRUISE
47.09999999999797,62607.631545096825,62.38878387882633,680.1054975835727,1.9999768570872192,669.8107460210252,13.996621761670161,1.0075089039629783,31733.7074240319,924.8624568130865,32672.61479162236,0.0,3,CRUISE
47.199999999997964,62539.62098153461,62.34818727266331,680.1059748532585,1.9999773294194942,669.5443047773339,13.997998874138096,1.0073870916643524,31733.877394866617,924.4626215812419,32672.14064995533,0.0,3,CRUISE
47.29999999999796,62471.61037028223,62.30828059499419,680.1064439267869,1.9999777934739675,669.2778673759913,13.999374748773516,1.007267349752467,31734.044483854228,924.0668149457879,32671.671982594075,0.0,3,CRUISE
47.39999999999795,62403.599712165334,62.269052120587354,680.1069049463247,1.999978249399786,669.0114337727999,14.000749410582975,1.007149643033806,31734.208739743102,923.6749669832836,32671.208689073595,0.0,3,CRUISE
47.49999999999795,62335.58900799505,62.230490323482584,680.1073580515196,1.9999786973432592,668.745003924373,14.002122884147493,1.0070339369132377,31734.37021046115,923.287009005608,32670.750670867827,0.0,3,CRUISE
47.59999999999794,62267.57825856818,62.192583873604235,680.1078033795472,1.9999791374479192,668.4785777881187,14.003495193629842,1.006920197383835,31734.52894312959,922.9028735375725,32670.297831351214,0.0,3,CRUISE
47.699999999997935,62199.56746466756,62.155321633432116,680.1082410651561,1.9999795698545755,668.2121553222247,14.004866362781783,1.006808391016868,31734.684984076375,922.5224942949591,32669.850075760813,0.0,3,CRUISE
47.79999999999793,62131.556627062244,62.11869265472893,680.1086712407117,1.999979994701372,667.9457364856443,14.006236414951067,1.00669848495197,31734.83837884932,922.1458061629776,32669.40731115916,0.0,3,CRUISE
47.899999999997924,62063.54574650775,62.082686175323296,680.1090940362392,1.9999804121238365,667.6793212380793,14.0076053730884,1.006590446887469,31734.98917222944,921.772745175126,32668.96944639777,0.0,3,CRUISE
47.99999999999792,61995.53482374637,62.047291615947415,680.1095095794672,1.999980822254939,667.4129095399682,14.00897325975429,1.0064842450708837,31735.137408243423,921.4032484924506,32668.536392081383,0.0,3,CRUISE
48.09999999999791,61927.523859507324,62.01249857712861,680.1099179958692,1.9999812252251397,667.1465013524703,14.0103400971257,1.0063798482895832,31735.283130176394,921.0372543832003,32668.108060532773,0.0,3,CRUISE
48.19999999999791,61859.51285450708,61.97829683613358,680.1103194087044,1.9999816211624417,666.880096637453,14.01170590700268,1.0062772258616022,31735.42638058432,920.6747022028558,32667.684365758305,0.0,3,CRUISE
48.2999999999979,61791.5018094495,61.944676343964616,680.1107139390592,1.9999820101924424,666.6136953574772,14.013070710814837,1.0061763476266163,31735.567201306007,920.3155323745412,32667.265223414062,0.0,3,CRUISE
48.399999999997895,61723.490725026175,61.91162722240692,680.111101705885,1.9999823924383775,666.3472974757844,14.014434529627678,1.0060771839370695,31735.70563347533,919.9596863698025,32666.850550772673,0.0,3,CRUISE
48.49999999999789,61655.47960191652,61.87913976112607,680.1114828260387,1.9999827680211735,666.0809029562843,14.015797384148888,1.0059797056494526,31735.84171753284,919.6071066897433,32666.44026669076,0.0,3,CRUISE
48.599999999997884,61587.4684407881,61.84720441481479,680.1118574143202,1.999983137059493,665.8145117635408,14.017159294734453,1.005883884115729,31735.97549323731,919.2577368465126,32666.034291576972,0.0,3,CRUISE
48.69999999999788,61519.45724229679,61.815811800388325,680.1122255835102,1.9999834996697798,665.5481238627607,14.018520281394752,1.0057896911749087,31736.106999677304,918.9115213451422,32665.632547360714,0.0,3,CRUISE
48.79999999999787,61451.446007087,61.78495269422731,680.1125874444057,1.9999838559663035,665.28173921978,14.0198803638004,1.0056970991447647,31736.236275282263,918.5684056657258,32665.234957461453,0.0,3,CRUISE
48.89999999999787,61383.43473579186,61.754618029467665,680.112943105858,1.999984206061205,665.0153578010536,14.02123956128818,1.0056060808136895,31736.363357833514,918.2283362459201,32664.841446758663,0.0,3,CRUISE
48.99999999999786,61315.42342903347,61.72479889333643,680.1132926748069,1.999984550064539,664.7489795736424,14.022597892866722,1.0055166094326917,31736.488284475086,917.8912604637809,32664.451941562274,0.0,3,CRUISE
49.099999999997856,61247.41208742307,61.69548652453296,680.1136362563153,1.999984888084315,664.4826045052017,14.023955377222146,1.0054286587075283,31736.611091724473,917.557126620917,32664.06636958381,0.0,3,CRUISE
49.19999999999785,61179.400711561204,61.66667231065464,680.1139739536046,1.9999852202265407,664.2162325639708,14.025312032723626,1.0053422027909706,31736.73181548302,917.2258839259531,32663.684659908038,0.0,3,CRUISE
49.299999999997844,61111.38930203796,61.63834778566625,680.1143058680859,1.9999855465952587,663.9498637187609,14.026667877428755,1.0052572162752025,31736.850491046247,916.8974824783049,32663.306742965287,0.0,3,CRUISE
49.39999999999784,61043.37785943315,61.61050462741243,680.1146320993951,1.9999858672925896,663.6834979389447,14.028022929088984,1.005173674184345,31736.967153113983,916.5718732522488,32662.932550504192,0.0,3,CRUISE
49.49999999999783,60975.36638431647,61.583134655172415,680.1149527454236,1.9999861824187688,663.4171351944462,14.029377205154823,1.005091551967115,31737.081835800414,916.2490080812927,32662.56201556513,0.0,3,CRUISE
49.59999999999783,60907.354877247686,61.5562298272563,680.1152679023512,1.9999864920721864,663.1507754557293,14.030730722781023,1.0050108254896013,31737.194572643635,915.9288396428306,32662.19507245409,0.0,3,CRUISE
49.69999999999782,60839.34333877686,61.529782238642184,680.115577664675,1.9999867963494187,662.8844186937887,14.03208349883161,1.0049314710281667,31737.30539661567,915.6113214430866,32661.831656717117,0.0,3,CRUISE
49.799999999997816,60771.33176944443,61.50378411865343,680.1158821252415,1.9999870953452692,662.6180648801387,14.033435549884897,1.0048534652624737,31737.414340131672,915.2964078023314,32661.471705115386,0.0,3,CRUISE
49.89999999999781,60703.320169781466,61.47822782867546,680.1161813752759,1.9999873891528024,662.3517139868045,14.034786892238408,1.0047767852686242,31737.52143505939,914.9840538403721,32661.115155600703,0.0,3,CRUISE
49.999999999997804,60635.30854030979,61.453105859911346,680.1164755044123,1.9999876778633814,662.085365986312,14.036137541913668,1.0047014085124173,31737.626712728128,914.674215462309,32660.761947291434,0.0,3,CRUISE
50.0999999999978,60567.29688154216,61.428410831175505,680.1167646007198,1.9999879615666936,661.8190208516784,14.037487514660885,1.0046273128427248,31737.730203938125,914.3668493445623,32660.412020449112,0.0,3,CRUISE
50.19999999999779,60499.28519398245,61.4041354867249,680.1170487507338,1.9999882403507934,661.5526785564027,14.038836825963703,1.0045544764849754,31737.831938969117,914.0619129211383,32660.065316455402,0.0,3,CRUISE
50.29999999999779,60431.27347812574,61.38027269412715,680.1173280394813,1.9999885143021274,661.2863390744584,14.040185491043642,1.0044828780347521,31737.93194758915,913.7593643701708,32659.72177778966,0.0,3,CRUISE
50.39999999999778,60363.261734458545,61.35681544216482,680.1176025505089,1.999988783505569,661.0200023802822,14.041533524864676,1.0044124964514973,31738.030259063275,913.459162600686,32659.381348006904,0.0,3,CRUISE
50.499999999997776,60295.24996345895,61.33375683877539,680.1178723659095,1.9999890480444493,660.7536684487668,14.042880942137627,1.0043433110523272,31738.12690216185,913.1612672396245,32659.04397171623,0.0,3,CRUISE
50.59999999999777,60227.238165596704,61.31109010902615,680.1181375663488,1.9999893080005888,660.4873372552518,14.044227757324494,1.0042753015059485,31738.22190516882,912.8656386190963,32658.709594559747,0.0,3,CRUISE
50.699999999997765,60159.22634133346,61.28880859312358,680.1183982310889,1.9999895634543219,660.2210087755157,14.045573984642658,1.0042084478266793,31738.315295890035,912.5722377638723,32658.378163191894,0.0,3,CRUISE
50.79999999999776,60091.21449112284,61.26690574445654,680.118654438016,1.9999898144845318,659.9546829857677,14.046919638069168,1.0041427303685744,31738.40710166118,912.2810263790941,32658.04962525927,0.0,3,CRUISE
50.89999999999775,60023.202615410606,61.24537512767271,680.1189062636631,1.9999900611686745,659.6883598626396,14.048264731344737,1.004078129819648,31738.497349355606,911.9919668382257,32657.723929380852,0.0,3,CRUISE
50.99999999999775,59955.190714634824,61.22421041678774,680.1191537832348,1.9999903035828073,659.4220393831783,14.049609277977863,1.0040146271961938,31738.5860653923,911.7050221712038,32657.401025128678,0.0,3,CRUISE
51.09999999999774,59887.17878922594,61.20340539332657,680.1193970706311,1.999990541801618,659.1557215248373,14.050953291248778,1.0039522038372048,31738.673275743284,911.4201560528207,32657.080863008898,0.0,3,CRUISE
51.199999999997736,59819.16683960697,61.182953944496184,680.1196361984707,1.9999907758984496,658.8894062654696,14.052296784213341,1.0038908413988865,31738.759005941276,911.1373327913108,32656.763394443227,0.0,3,CRUISE
51.29999999999773,59751.15486619364,61.16285006138965,680.1198712381139,1.9999910059453272,658.623093583321,14.05363976970687,1.0038305218492616,31738.843281086985,910.8565173171447,32656.448571750843,0.0,3,CRUISE
51.399999999997725,59683.14286939441,61.14308783722052,680.1201022596842,1.9999912320129813,658.3567834570217,14.05498226034792,1.003771227462871,31738.92612585649,910.577675172031,32656.136348130618,0.0,3,CRUISE
51.49999999999772,59615.130849610745,61.12366146558727,680.1203293320915,1.9999914541708752,658.0904758655801,14.05632426854197,1.0037129408155594,31739.00756450826,910.3007724981131,32655.826677643778,0.0,3,CRUISE
51.59999999999771,59547.118807237144,61.10456523876727,680.1205525230524,1.9999916724872275,657.8241707883748,14.057665806485087,1.0036556447793539,31739.08762089028,910.0257760273618,32655.519515196935,0.0,3,CRUISE
51.69999999999771,59479.10674266127,61.08579354603972,680.120771899112,1.9999918870290356,657.5578682051496,14.05900688616744,1.0035993225174284,31739.166318446863,909.7526530711684,32655.214816525462,0.0,3,CRUISE
51.7999999999977,59411.09465626413,61.067340872037086,680.120987525665,1.9999920978621009,657.2915680960047,14.060347519376903,1.0035439574791527,31739.243680225543,909.4813715101114,32654.912538177217,0.0,3,CRUISE
51.899999999997696,59343.08254842012,61.049201795124596,680.1211994669749,1.9999923050510486,657.0252704413913,14.061687717702409,1.0034895333952267,31739.31972888369,909.2118997839232,32654.61263749666,0.0,3,CRUISE
51.99999999999769,59275.07041949718,61.03137098580722,680.1214077861953,1.999992508659354,656.7589752221053,14.063027492537426,1.0034360342728976,31739.394486695048,908.9442068816277,32654.315072609243,0.0,3,CRUISE
52.099999999997685,59207.058269856876,61.01384320516378,680.1216125453888,1.9999927087493587,656.4926824192805,14.064366855083238,1.0033834443912588,31739.467975556345,908.6782623318628,32654.019802406245,0.0,3,CRUISE
52.19999999999768,59139.04609985456,60.99661330330759,680.1218138055464,1.9999929053822987,656.226392014383,14.065705816352253,1.0033317482966266,31739.540216993428,908.4140361933713,32653.726786529787,0.0,3,CRUISE
52.299999999997674,59071.03390983945,60.979676217873404,680.1220116266059,1.9999930986183179,655.9601039892042,14.06704438717118,1.0032809307979977,31739.611232167714,908.1514990456694,32653.435985358272,0.0,3,CRUISE
52.39999999999767,59003.02170015475,60.96302697252987,680.1222060674714,1.9999932885164944,655.6938183258554,14.068382578184247,1.0032309769625838,31739.68104188222,907.8906219798781,32653.147359992134,0.0,3,CRUISE
52.49999999999766,58935.00947113772,60.94666067551748,680.1223971860311,1.9999934751348574,655.4275350067624,14.069720399856273,1.0031818721114205,31739.74966658767,907.6313765897225,32652.86087223982,0.0,3,CRUISE
52.59999999999766,58866.9972231198,60.93057251821121,680.1225850391745,1.9999936585304083,655.1612540146588,14.071057862475728,1.0031336018150527,31739.81712638831,907.3737349626925,32652.57648460417,0.0,3,CRUISE
52.69999999999765,58798.98495642675,60.91475777370771,680.1227696828109,1.9999938387591387,654.8949753325818,14.072394976157753,1.0030861518892935,31739.883441047892,907.117669671364,32652.294160268943,0.0,3,CRUISE
52.799999999997645,58730.972671378695,60.899211795436415,680.1229511718858,1.9999940158760485,654.6286989438653,14.07373175084709,1.0030395083910524,31739.948629995426,906.8631537648706,32652.013863085827,0.0,3,CRUISE
52.89999999999764,58662.96036829024,60.88393001579423,680.1231295603986,1.9999941899351674,654.3624248321352,14.075068196320995,1.0029936576142384,31740.012712330645,906.6101607605351,32651.735557561566,0.0,3,CRUISE
52.999999999997634,58594.94804747058,60.86890794480359,680.1233049014181,1.9999943609895678,654.0961529813039,14.076404322192081,1.0029485860857301,31740.075706829823,906.3586646356473,32651.45920884541,0.0,3,CRUISE
53.09999999999763,58526.93570922359,60.85414116879314,680.1234772471003,1.9999945290913894,653.8298833755656,14.077740137911135,1.0029042805614148,31740.137631950936,906.1086398193877,32651.184782716835,0.0,3,CRUISE
53.19999999999762,58458.92335384789,60.839625349100935,680.1236466487023,1.9999946942918478,653.5636159993904,14.07907565276984,1.0028607280222954,31740.198505839377,905.8600611849016,32650.912245573563,0.0,3,CRUISE
53.29999999999762,58390.91098163698,60.82535622079965,680.1238131566005,1.9999948566412602,653.2973508375201,14.080410875903533,1.0028179156706643,31740.258346332885,905.6129040415068,32650.64156441972,0.0,3,CRUISE
53.39999999999761,58322.89859287931,60.81132959144348,680.1239768203037,1.9999950161890552,653.0310878749623,14.0817458162938,1.0027758309263404,31740.317170967013,905.3671441270517,32650.37270685436,0.0,3,CRUISE
53.499999999997605,58254.88618785834,60.797541339836336,680.1241376884694,1.999995172983792,652.7648270969869,14.083080482771138,1.002734461422971,31740.374996980103,905.1227576003968,32650.10564106016,0.0,3,CRUISE
53.5999999999976,58186.87376685268,60.78398741482089,680.1242958089192,1.9999953270731774,652.4985684891203,14.084414884017525,1.0026937950043966,31740.431841318292,904.8797210340393,32649.840335792374,0.0,3,CRUISE
53.699999999997594,58118.86133013613,60.770663834088346,680.1244512286517,1.999995478504078,652.2323120371418,14.085749028568893,1.00265381972108,31740.48772064053,904.6380114068724,32649.57676036801,0.0,3,CRUISE
53.79999999999759,58050.84887797779,60.757566683008335,680.1246039938577,1.9999956273225377,651.9660577270779,14.087082924817668,1.0026145238265902,31740.542651323412,904.3976060970622,32649.31488465527,0.0,3,CRUISE
53.89999999999758,57982.836410642136,60.74469211347871,680.1247541499349,1.999995773573792,651.6998055451985,14.088416581015178,1.002575895774152,31740.596649465893,904.1584828750605,32649.054679063145,0.0,3,CRUISE
53.99999999999758,57914.82392838907,60.73203634279492,680.1249017415008,1.9999959173022848,651.4335554780129,14.089750005274057,1.0025379242132506,31740.649730893972,903.9206198967405,32648.7961145313,0.0,3,CRUISE
54.09999999999757,57846.811431474074,60.7195956525386,680.1250468124066,1.9999960585516783,651.1673075122642,14.09108320557061,1.0025005979862978,31740.701911165448,903.6839956966538,32648.539162520057,0.0,3,CRUISE
54.199999999997566,57778.79892014819,60.70736638748499,680.1251894057505,1.9999961973648714,650.901061634927,14.092416189747125,1.002463906125349,31740.753205574296,903.4485891814059,32648.283795000698,0.0,3,CRUISE
54.29999999999756,57710.78639465818,60.69534495452901,680.1253295638907,1.9999963337840116,650.6348178332015,14.093748965514143,1.002427837848881,31740.803629155213,903.2143796231524,32648.029984445882,0.0,3,CRUISE
54.399999999997554,57642.77385524653,60.68352782162955,680.1254673284578,1.9999964678505073,650.3685760945108,14.09508154045266,1.002392382558623,31740.85319668797,902.9813466532119,32647.77770382036,0.0,3,CRUISE
54.49999999999755,57574.76130215161,60.67191151677162,680.1256027403687,1.999996599605044,650.1023364064962,14.096413922016422,1.002357529836441,31740.90192270173,902.7494702557839,32647.526926571787,0.0,3,CRUISE
54.59999999999754,57506.748735607645,60.66049262694628,680.1257358398374,1.9999967290875946,649.8360987570127,14.097746117533992,1.0023232694412771,31740.94982147934,902.5187307617917,32647.27762662169,0.0,3,CRUISE
54.69999999999754,57438.736155844876,60.64926779714781,680.1258666663886,1.9999968563374348,649.5698631341266,14.099078134210929,1.0022895913061372,31740.996907061395,902.2891088428215,32647.029778356766,0.0,3,CRUISE
54.79999999999753,57370.72356308956,60.63823372938798,680.125995258868,1.9999969813931515,649.3036295261113,14.100409979131827,1.0022564855351324,31741.043193250443,902.060585505179,32646.78335662021,0.0,3,CRUISE
54.899999999997526,57302.71095756409,60.627387181727016,680.1261216554562,1.999997104292662,649.0373979214424,14.101741659262451,1.0022239424005734,31741.08869361489,901.8331420840435,32646.538336703295,0.0,3,CRUISE
54.99999999999752,57234.69833948704,60.61672496732109,680.1262458936782,1.9999972250732179,648.7711683087962,14.103073181451652,1.0021919523401068,31741.133421493105,901.6067602377324,32646.294694337077,0.0,3,CRUISE
55.099999999997515,57166.68570907322,60.60624395348591,680.1263680104157,1.999997343771423,648.504940677044,14.104404552433431,1.0021605059539083,31741.177389997185,901.3814219420626,32646.052405684324,0.0,3,CRUISE
55.19999999999751,57098.673066533745,60.59594106077639,680.1264880419182,1.9999974604232407,648.2387150152505,14.105735778828835,1.0021295940019175,31741.22061201695,901.1571094848134,32645.811447331533,0.0,3,CRUISE
55.2999999999975,57030.660412076126,60.585813262081764,680.1266060238135,1.9999975750640095,647.9724913126686,14.107066867147914,1.0020992074011241,31741.263100223496,900.9338054602881,32645.571796281187,0.0,3,CRUISE
55.3999999999975,56962.64774590433,60.57585758173623,680.1267219911191,1.9999976877284515,647.7062695587376,14.108397823791579,1.0020693372228973,31741.304867073017,900.7114927639695,32645.33342994408,0.0,3,CRUISE
55.49999999999749,56894.63506821879,60.5660710946446,680.126835978252,1.9999977984506827,647.4400497430789,14.109728655053452,1.00203997469036,31741.34592481047,900.4901545872709,32645.096326131832,0.0,3,CRUISE
55.599999999997486,56826.62237921652,60.5564509254229,680.1269480190396,1.9999979072642258,647.1738318554934,14.111059367121715,1.002011111175813,31741.386285473127,900.2697744123818,32644.860463049616,0.0,3,CRUISE
55.69999999999748,56758.609679091125,60.54699424755354,680.1270581467295,1.99999801420202,646.9076158859577,14.112389966080853,1.0019827381981952,31741.42596089399,900.0503360072026,32644.625819288907,0.0,3,CRUISE
55.799999999997475,56690.596968032936,60.5376982825548,680.1271663939998,1.9999981192964302,646.6414018246215,14.113720457913445,1.0019548474205944,31741.464962705417,899.8318234203693,32644.39237382045,0.0,3,CRUISE
55.89999999999747,56622.58424622899,60.52856029916452,680.1272727929696,1.9999982225792614,646.3751896618041,14.115050848501921,1.001927430647794,31741.503302342393,899.6142209763607,32644.16010598731,0.0,3,CRUISE
55.99999999999746,56554.57151386312,60.519577612537525,680.1273773752062,1.9999983240817603,646.1089793879921,14.116381143630157,1.0019004798238669,31741.54099104598,899.3975132707077,32643.928995498165,0.0,3,CRUISE
56.09999999999746,56486.55877111602,60.51074758345688,680.1274801717373,1.999998423834634,645.8427709938358,14.117711348985253,1.001873987029807,31741.578039866457,899.1816851652673,32643.699022420613,0.0,3,CRUISE
56.19999999999745,56418.54601816527,60.5020676175584,680.127581213059,1.999998521868054,645.576564470146,14.119041470159136,1.0018479444812014,31741.61445966673,898.9667217835902,32643.470167174677,0.0,3,CRUISE
56.299999999997446,56350.53325518541,60.49353516456837,680.1276805291452,1.9999986182116682,645.3103598078922,14.120371512650161,1.0018223445259429,31741.650261125367,898.7526085063721,32643.242410526396,0.0,3,CRUISE
56.39999999999744,56282.520482348,60.48514771755424,680.1277781494566,1.9999987128946095,645.0441569981991,14.121701481864699,1.0017971796419813,31741.68545473974,898.5393309669793,32643.015733581575,0.0,3,CRUISE
56.499999999997435,56214.50769982166,60.47690281218809,680.1278741029495,1.9999988059455036,644.7779560323443,14.123031383118732,1.0017724424351118,31741.72005082923,898.3268750470531,32642.79011777961,0.0,3,CRUISE
56.59999999999743,56146.494907772125,60.468798026022505,680.1279684180844,1.9999988973924807,644.5117569017546,14.124361221639338,1.0017481256368037,31741.75405953798,898.1152268722001,32642.56554488746,0.0,3,CRUISE
56.699999999997424,56078.482106362244,60.460830977778905,680.1280611228349,1.9999989872631825,644.2455595980043,14.125691002566235,1.0017242221020624,31741.787490838127,897.9043728077438,32642.34199699375,0.0,3,CRUISE
56.79999999999742,56010.46929575212,60.452999326647806,680.1281522446955,1.9999990755847694,643.979364112813,14.127020730953227,1.0017007248073304,31741.820354532574,897.6942994545668,32642.119456502947,0.0,3,CRUISE
56.89999999999741,55942.45647609911,60.44530077160111,680.12824181069,1.9999991623839308,643.7131704380414,14.128350411769695,1.0016776268484235,31741.85266025798,897.4849936450133,32641.897906129692,0.0,3,CRUISE
56.99999999999741,55874.443647557884,60.43773305071605,680.1283298473797,1.9999992476868933,643.4469785656912,14.129680049901976,1.0016549214385015,31741.884417487363,897.2764424388722,32641.67732889321,0.0,3,CRUISE
57.0999999999974,55806.430810280435,60.43029394051049,680.128416380872,1.9999993315194289,643.1807884878998,14.13100965015486,1.0016326019060724,31741.915635533118,897.0686331194219,32641.457708111837,0.0,3,CRUISE
57.199999999997395,55738.41796441618,60.42298125528976,680.1285014368268,1.9999994139068629,642.9146001969402,14.132339217252888,1.0016106616930345,31741.946323549517,896.8615531895543,32641.23902739763,0.0,3,CRUISE
57.29999999999739,55670.40511011194,60.41579284650443,680.1285850404659,1.9999994948740818,642.6484136852172,14.133668755841766,1.001589094352746,31741.976490535548,896.6551903679585,32641.021270651043,0.0,3,CRUISE
57.399999999997384,55602.392247512056,60.40872660211898,680.1286672165785,1.999999574445539,642.3822289452661,14.134998270489655,1.001567893548132,31742.006145337535,896.4495325853794,32640.80442205581,0.0,3,CRUISE
57.49999999999738,55534.379376758414,60.401780445991335,680.1287479895302,1.9999996526452648,642.11604596975,14.13632776568851,1.0015470530498232,31742.035296651673,896.2445679809356,32640.588466073903,0.0,3,CRUISE
57.59999999999737,55466.36649799041,60.3949523372628,680.1288273832699,1.9999997294968739,641.849864751457,14.137657245855367,1.0015265667343234,31742.063953026503,896.0402848985033,32640.373387440457,0.0,3,CRUISE
57.69999999999737,55398.35361134511,60.38824026975848,680.1289054213369,1.9999998050235712,641.5836852832989,14.138986715333635,1.0015064285822104,31742.09212286559,895.8366718831627,32640.159171158968,0.0,3,CRUISE
57.79999999999736,55330.340716957195,60.38164227139776,680.1289821268672,1.9999998792481588,641.3175075583086,14.140316178394304,1.0014866326763674,31742.1198144299,895.6337176777116,32639.945802496415,0.0,3,CRUISE
57.899999999997355,55262.32781495908,60.37515640361497,680.1290575226021,1.9999999521930458,641.051331569638,14.141645639237211,1.001467173200244,31742.14703584014,895.431411219233,32639.7332669786,0.0,3,CRUISE
57.99999999999735,55194.314905480955,60.36878076078978,680.1291316258311,2.000000023865366,640.785157310539,14.142975101781758,1.0014480444361458,31742.174958318763,895.2297416490429,32639.52156490147,0.0,3,CRUISE
58.099999999997344,55126.301988655134,60.36251346968764,680.1292043774794,2.0000000940484375,640.518984773358,14.144304566723218,1.0014292407633787,31742.20468937709,895.0286984950797,32639.310918500694,0.0,3,CRUISE
58.19999999999734,55058.28906461769,60.356352688909595,680.1292757817854,2.000000162712488,640.2528139490854,14.145634037344506,1.0014107566565362,31742.23390699438,894.8282713005156,32639.10137567605,0.0,3,CRUISE
58.29999999999733,54990.27613350181,60.35029660835054,680.1293458726951,2.0000002299158233,639.9866448288924,14.146963518112681,1.0013925866842641,31742.26262071189,894.6284497108346,32638.89289797789,0.0,3,CRUISE
58.39999999999733,54922.263195437394,60.34434344866732,680.1294146828792,2.0000002957137024,639.7204774042574,14.148293013390726,1.0013747255076755,31742.290839857156,894.4292235523861,32638.68544836756,0.0,3,CRUISE
58.49999999999732,54854.2502505511,60.338491460755954,680.1294822437817,2.000000360158472,639.454311666955,14.149622527440442,1.0013571678787458,31742.318573549626,894.2305828291173,32638.478991193766,0.0,3,CRUISE
58.599999999997316,54786.23729896652,60.332738925237734,680.1295485856677,2.0000004232996944,639.1881476090443,14.150952064425312,1.0013399086387367,31742.345830706134,894.032517719362,32638.273492166427,0.0,3,CRUISE
58.69999999999731,54718.22434080424,60.3270841519541,680.1296137376736,2.0000004851842808,638.921985222858,14.15228162841342,1.00132294271665,31742.372620046644,893.8350185726869,32638.0689183282,0.0,3,CRUISE
58.799999999997304,54650.21137618201,60.32152547947002,680.1296777278501,2.000000545856611,638.655824500992,14.1536112233801,1.001306265127712,31742.39895009932,893.6380759068121,32637.865238024267,0.0,3,CRUISE
58.8999999999973,54582.19840521479,60.31606127458586,680.1297405832098,2.000000605358659,638.3896654362945,14.154940853210704,1.0012898709718867,31742.424829205887,893.4416804045808,32637.662420870383,0.0,3,CRUISE
58.99999999999729,54514.18542801489,60.310689931857695,680.1298023297702,2.0000006637301078,638.1235080218562,14.15627052170322,1.0012737554324165,31742.450265526775,893.2458229109974,32637.460437719714,0.0,3,CRUISE
59.09999999999729,54446.17244469211,60.30540987312548,680.1298629925965,2.000000721008468,637.8573522510004,14.157600232570854,1.001257913774394,31742.475267046037,893.0504944303207,32637.259260628543,0.0,3,CRUISE
59.19999999999728,54378.159455353714,60.30021954704946,680.1299225958438,2.0000007772291872,637.5911981172723,14.158929989444538,1.0012423413433618,31742.49984157628,892.8556861232204,32637.058862821093,0.0,3,CRUISE
59.299999999997276,54310.14646010465,60.29511742865439,680.1299811627971,2.0000008324257608,637.3250456144311,14.16025979587539,1.0012270335639368,31742.5239967634,892.6613893039881,32636.859218653717,0.0,3,CRUISE
59.39999999999727,54242.133459047545,60.2901020188815,680.1300387159098,2.0000008866298313,637.0588947364403,14.161589655337059,1.001211985938465,31742.547740091206,892.4675954378073,32636.660303578665,0.0,3,CRUISE
59.499999999997264,54174.1204522828,60.28517184414803,680.1300952768419,2.000000939871294,636.7927454774583,14.162919571228048,1.0011971940456967,31742.57107888586,892.2742961380695,32636.46209410754,0.0,3,CRUISE
59.59999999999726,54106.10743990872,60.28032545591436,680.1301508664963,2.0000009921783923,636.5265978318309,14.164249546873963,1.0011826535394903,31742.59402032031,892.0814831637534,32636.264567774637,0.0,3,CRUISE
59.69999999999725,54038.09442202154,60.275561430258335,680.1302055050533,2.0000010435778077,636.260451794083,14.16557958552967,1.0011683601475392,31742.61657141849,891.8891484168475,32636.06770310037,0.0,3,CRUISE
59.79999999999725,53970.081398715505,60.270878367456966,680.1302592120043,2.000001094094753,635.9943073589097,14.166909690381386,1.0011543096701185,31742.638739059403,891.6972839398238,32635.871479554786,0.0,3,CRUISE
59.89999999999724,53902.06837008294,60.266274891575115,680.1303120061849,2.0000011437530563,635.7281645211702,14.168239864548765,1.0011404979788556,31742.660529981204,891.5058819131532,32635.675877521455,0.0,3,CRUISE
59.999999999997236,53834.05533621431,60.261749650061326,680.1303639058054,2.0000011925752452,635.4620232758792,14.169570111086827,1.001126921015523,31742.681950784972,891.3149346528774,32635.48087826155,0.0,3,CRUISE
60.09999999999723,53766.042297198284,60.257301313350276,680.1304149284805,2.0000012405826206,635.195883618201,14.170900432987874,1.0011135747908513,31742.703007938486,891.1244346082193,32635.28646387866,0.0,3,CRUISE
60.199999999997225,53698.02925312181,60.25292857447229,680.1304650912583,2.0000012877953384,634.9297455434418,14.172230833183363,1.0011004553833598,31742.723707779864,890.9343743592327,32635.092617283928,0.0,3,CRUISE
60.29999999999722,53630.016204070125,60.248630148669214,680.130514410647,2.000001334232474,634.6636090470439,14.173561314545644,1.00108755893821,31742.744056521078,890.744746614504,32634.899322161982,0.0,3,CRUISE
60.39999999999721,53562.003150126875,60.24440477301697,680.1305629026415,2.0000013799120944,634.3974741245795,14.174891879889705,1.0010748816660757,31742.76406025131,890.5555442088856,32634.706562937525,0.0,3,CRUISE
60.49999999999721,53493.990091374115,60.24025120605448,680.1306105827483,2.0000014248513245,634.1313407717442,14.17622253197484,1.0010624198420335,31742.783724940276,890.3667601012776,32634.51432474256,0.0,3,CRUISE
60.5999999999972,53425.977027892346,60.236168227418915,680.1306574660089,2.000001469066404,633.8652089843525,14.177553273506216,1.0010501698044694,31742.803056441357,890.1783873724427,32634.322593384622,0.0,3,CRUISE
60.699999999997196,53357.96395976063,60.23215463748712,680.1307035670229,2.00000151257275,633.5990787583316,14.17888410713647,1.001038127954006,31742.822060494742,889.9904192228639,32634.131355315683,0.0,3,CRUISE
60.79999999999719,53289.95088705653,60.22820925702316,680.130748899969,2.000001555385008,633.3329500897161,14.180215035467114,1.0010262907524452,31742.840742730266,889.8028489706426,32633.940597601933,0.0,3,CRUISE
60.899999999997185,53221.937809856245,60.2243309268318,680.130793478626,2.0000015975171084,633.0668229746435,14.18154606105005,1.0010146547217302,31742.859108670375,889.6156700494249,32633.75030789455,0.0,3,CRUISE
60.99999999999718,53153.9247282346,60.22051850741798,680.1308373163915,2.000001638982312,632.8006974093497,14.18287718638889,1.0010032164429223,31742.877163732832,889.4288760063771,32633.560474401376,0.0,3,CRUISE
61.09999999999717,53085.91164226512,60.216770878651936,680.130880426302,2.0000016797932627,632.5345733901646,14.184208413940334,1.0009919725551972,31742.894913233435,889.2424605001871,32633.371085859413,0.0,3,CRUISE
61.19999999999717,53017.89855202,60.21308693944014,680.1309228210488,2.0000017199620244,632.2684509135074,14.185539746115426,1.0009809197548571,31742.912362388557,889.0564172991093,32633.182131508358,0.0,3,CRUISE
61.29999999999716,52949.88545757022,60.209465607401775,680.1309645129948,2.000001759500126,632.0023299758828,14.186871185280747,1.0009700547943585,31742.929516317567,888.8707402790407,32632.993601065053,0.0,3,CRUISE
61.399999999997156,52881.87235898552,60.205905818550704,680.1310055141907,2.0000017984186,631.7362105738779,14.188202733759647,1.0009593744813576,31742.94638004533,888.6854234216341,32632.80548469889,0.0,3,CRUISE
61.49999999999715,52813.859256334435,60.20240652698287,680.1310458363906,2.0000018367280203,631.4700927041578,14.189534393833403,1.0009488756777707,31742.962958504515,888.500460812439,32632.617773008158,0.0,3,CRUISE
61.599999999997145,52745.846149684345,60.198966704568996,680.1310854910639,2.000001874438533,631.2039763634623,14.190866167742236,1.0009385552988523,31742.979256537725,888.3158466390905,32632.430456997303,0.0,3,CRUISE
61.69999999999714,52677.83303910149,60.19558534065248,680.1311244894108,2.0000019115598913,630.9378615486028,14.192198057686442,1.0009284103122869,31742.995278899747,888.1315751895141,32632.2435280552,0.0,3,CRUISE
61.799999999997134,52609.81992465103,60.19226144175251,680.1311628423734,2.0000019481014855,630.6717482564596,14.193530065827375,1.000918437737296,31743.011030259604,887.947640850172,32632.056977934237,0.0,3,CRUISE
61.89999999999713,52541.80680639697,60.18899403127206,680.1312005606479,2.000001984072369,630.4056364839788,14.194862194288397,1.0009086346437641,31743.026515202517,887.7640381043481,32631.870798730364,0.0,3,CRUISE
61.99999999999712,52473.793684402364,60.185782149211136,680.1312376546957,2.0000020194812853,630.1395262281686,14.196194445155864,1.0008989981513745,31743.041738231892,887.5807615304466,32631.684982864055,0.0,3,CRUISE
62.09999999999712,52405.780558729144,60.182624851884505,680.1312741347546,2.0000020543366945,629.8734174860989,14.197526820480016,1.0008895254287626,31743.056703771214,887.3978058003366,32631.499523062088,0.0,3,CRUISE
62.19999999999711,52337.76742943825,60.17952121164461,680.1313100108465,2.000002088646791,629.6073102548968,14.198859322275796,1.0008802136926853,31743.071416165716,887.2151656777232,32631.3144123402,0.0,3,CRUISE
62.299999999997105,52269.75429658961,60.17647031660887,680.1313452927892,2.000002122419529,629.3412045317455,14.20019195252376,1.0008710602072,31743.08587968429,887.0328360165432,32631.129643986627,0.0,3,CRUISE
62.3999999999971,52201.74116024221,60.17347127039187,680.1313799902034,2.0000021556626386,629.0751003138816,14.201524713170828,1.0008620622828621,31743.100098521052,886.850811759395,32630.945211546354,0.0,3,CRUISE
62.499999999997094,52133.72802045407,60.170523191841916,680.1314141125217,2.0000021883836476,628.8089975985935,14.20285760613109,1.0008532172759348,31743.11407679701,886.6690879359957,32630.76110880621,0.0,3,CRUISE
62.59999999999709,52065.71487728226,60.16762521478222,680.1314476689951,2.0000022205898915,628.542896383219,14.204190633286505,1.000844522587611,31743.12781856161,886.4876596616679,32630.577329780794,0.0,3,CRUISE
62.69999999999708,51997.70173078297,60.16477648775634,680.1314806687017,2.0000022522885366,628.276796665144,14.205523796487691,1.0008359756632503,31743.141327794303,886.3065221358464,32630.393868699044,0.0,3,CRUISE
62.79999999999708,51929.68858101143,60.16197617377804,680.1315131205521,2.000002283486588,628.0106984418002,14.206857097554542,1.0008275739916266,31743.154608405934,886.1256706406215,32630.21071999152,0.0,3,CRUISE
62.89999999999707,51861.67542802205,60.15922345008536,680.1315450332963,2.0000023141909042,627.7446017106644,14.208190538276936,1.0008193151041935,31743.167664240234,885.945100539303,32630.02787827848,0.0,3,CRUISE
62.999999999997065,51793.66227186831,60.156517507898904,680.13157641553,2.000002344408211,627.4785064692559,14.209524120415391,1.0008111965743565,31743.18049907518,885.764807275009,32629.84533835853,0.0,3,CRUISE
63.09999999999706,51725.64911260291,60.1538575521842,680.1316072756987,2.000002374145108,627.2124127151358,14.21085784570164,1.00080321601676,31743.193116624265,885.5847863692857,32629.66309519793,0.0,3,CRUISE
63.199999999997054,51657.63595027762,60.151242801418086,680.1316376221039,2.0000024034080814,626.9463204459059,14.212191715839243,1.0007953710865887,31743.205520537824,885.4050334207468,32629.481143920584,0.0,3,CRUISE
63.29999999999705,51589.62278494344,60.14867248735912,680.1316674629081,2.000002432203513,626.6802296592069,14.213525732504214,1.0007876594788752,31743.217714404356,885.2255441037327,32629.299479798556,0.0,3,CRUISE
63.39999999999704,51521.60961665058,60.14614585482186,680.1316968061383,2.0000024605376847,626.4141403527176,14.214859897345482,1.0007800789278267,31743.229701751556,885.0463141670106,32629.11809824316,0.0,3,CRUISE
63.49999999999704,51453.596445448406,60.14366216145495,680.1317256596907,2.0000024884167904,626.1480525241534,14.216194211985517,1.000772627206157,31743.24148604764,884.8673394324784,32628.936994796644,0.0,3,CRUISE
63.59999999999703,51385.58327138551,60.14122067752306,680.131754031335,2.000002515846939,625.8819661712654,14.217528678020818,1.000765302124432,31743.25307070244,884.6886157938999,32628.756165124323,0.0,3,CRUISE
63.699999999997026,51317.57009450971,60.13882068569244,680.1317819287178,2.000002542834164,625.6158812918394,14.218863297022418,1.0007581015304279,31743.264459068472,884.5101392156638,32628.575605007278,0.0,3,CRUISE
63.79999999999702,51249.55691486811,60.13646148082015,680.1318093593652,2.000002569384422,625.349797883696,14.220198070536355,1.0007510233084973,31743.275654442037,884.3319057315641,32628.395310335425,0.0,3,CRUISE
63.899999999997014,51181.54373250699,60.13414236974695,680.1318363306868,2.0000025955036045,625.0837159446879,14.221533000084156,1.000744065378949,31743.286660064226,884.1539114436008,32628.21527710123,0.0,3,CRUISE
63.99999999999701,51113.530547471964,60.13186267109354,680.1318628499791,2.0000026211975372,624.8176354727007,14.222868087163327,1.000737225697436,31743.297479122026,883.9761525207969,32628.035501393613,0.0,3,CRUISE
64.09999999999708,51045.51735980787,60.12962171506045,680.131888924427,2.000002646471986,624.551556465651,14.224203333247724,1.0007305022543547,31743.308114749136,883.7986251980478,32627.85597939238,0.0,3,CRUISE
64.19999999999716,50977.50416955885,60.127418843231204,680.1319145611076,2.00000267133266,624.2854789214864,14.225538739788066,1.000723893074255,31743.31857002712,883.6213257749787,32627.676707363127,0.0,3,CRUISE
64.29999999999724,50909.490976768364,60.12525340837888,680.1319397669913,2.000002695785211,624.0194028381848,14.226874308212277,1.000717396215261,31743.32884798615,883.4442506148349,32627.497681652298,0.0,3,CRUISE
64.39999999999732,50841.47778147913,60.123124774275965,680.1319645489465,2.0000027198352432,623.7533282137531,14.22821003992598,1.0007110097684968,31743.338951606114,883.2673961433727,32627.318898682755,0.0,3,CRUISE
64.4999999999974,50773.46458373324,60.12103231550733,680.1319889137385,2.0000027434883063,623.4872550462275,14.229545936312782,1.0007047318575295,31743.348883817274,883.0907588477937,32627.14035494955,0.0,3,CRUISE
64.59999999999748,50705.45138357208,60.11897541728664,680.1320128680339,2.000002766749903,623.221183333672,14.230881998734743,1.000698560637816,31743.3586475013,882.9143352756785,32626.962047016183,0.0,3,CRUISE
64.69999999999756,50637.43818103637,60.11695347527559,680.1320364184016,2.000002789625488,622.9551130741788,14.23221822853272,1.0006924942961613,31743.368245492056,882.7381220339474,32626.783971510937,0.0,3,CRUISE
64.79999999999764,50569.42497616621,60.11496589540636,680.1320595713149,2.0000028121204703,622.6890442658671,14.233554627026747,1.0006865310501851,31743.37768057643,882.5621157878375,32626.606125123646,0.0,3,CRUISE
64.89999999999772,50501.411769001,60.11301209370715,680.1320823331523,2.0000028342402136,622.4229769068829,14.234891195516333,1.0006806691477992,31743.38695549505,882.3863132599005,32626.428504602645,0.0,3,CRUISE
64.9999999999978,50433.398559579546,60.11109149613051,680.1321047102001,2.000002855990035,622.1569109953982,14.236227935280889,1.0006749068666916,31743.39607294322,882.2107112290114,32626.251106751937,0.0,3,CRUISE
65.09999999999788,50365.38534794006,60.10920353838477,680.1321267086539,2.000002877375212,621.8908465296113,14.237564847580009,1.0006692425138215,31743.40503557156,882.0353065294019,32626.073928428665,0.0,3,CRUISE
65.19999999999796,50297.37213412004,60.10734766576813,680.1321483346188,2.0000028984009726,621.6247835077454,14.23890193365382,1.0006636744249207,31743.413845986826,881.8600960497065,32625.89696654067,0.0,3,CRUISE
65.29999999999804,50229.358918156475,60.10552333300578,680.1321695941122,2.0000029190725064,621.3587219280491,14.240239194723303,1.0006582009640055,31743.422506752577,881.6850767320251,32625.72021804441,0.0,3,CRUISE
65.39999999999812,50161.34570008571,60.103730004089655,680.1321904930635,2.000002939394954,621.0926617887956,14.24157663199058,1.0006528205228948,31743.43102038994,881.5102455710056,32625.54367994292,0.0,3,CRUISE
65.4999999999982,50093.332479943514,60.101967152120935,680.1322110373175,2.000002959373418,620.8266030882821,14.242914246639277,1.0006475315207393,31743.43938937833,881.3355996129349,32625.36734928401,0.0,3,CRUISE
65.59999999999827,50025.31925776507,60.10023425915527,680.1322312326336,2.0000029790129545,620.5605458248301,14.244252039834796,1.0006423324035558,31743.447616156096,881.1611359548556,32625.19122315854,0.0,3,CRUISE
65.69999999999835,49957.306033585,60.09853081605058,680.1322510846868,2.000002998318574,620.2944899967838,14.245590012724566,1.0006372216437704,31743.45570312114,880.9868517436904,32625.015298699014,0.0,3,CRUISE
65.79999999999843,49889.29280743734,60.09685632231748,680.132270599071,2.000003017295245,620.0284356025116,14.246928166438408,1.0006321977397703,31743.46365263173,880.8127441753836,32624.8395730781,0.0,3,CRUISE
65.89999999999851,49821.2795793556,60.095210285972215,680.1322897812973,2.0000030359478904,619.7623826404039,14.248266502088764,1.0006272592154632,31743.47146700698,880.6388104940614,32624.66404350745,0.0,3,CRUISE
65.9999999999986,49753.266349372694,60.09359222339211,680.132308636797,2.0000030542813874,619.4963311088744,14.249605020771005,1.0006224046198418,31743.479148527633,880.4650479911994,32624.488707236484,0.0,3,CRUISE
66.09999999999867,49685.25311752104,60.09200165917346,680.132327170922,2.000003072300571,619.2302810063587,14.2509437235637,1.0006176325265586,31743.486699436588,880.2914540048096,32624.313561551382,0.0,3,CRUISE
66.19999999999875,49617.23988383252,60.090438125991916,680.1323453889449,2.000003090010226,618.9642323313144,14.252282611528846,1.0006129415335072,31743.49412193952,880.1180259186425,32624.13860377414,0.0,3,CRUISE
66.29999999999883,49549.22664833848,60.0889011644651,680.1323632960608,2.000003107415093,618.6981850822209,14.25362168571217,1.0006083302624098,31743.501418205517,879.9447611613998,32623.963831261746,0.0,3,CRUISE
66.39999999999891,49481.213411069744,60.08739032301767,680.132380897388,2.000003124519865,618.4321392575788,14.254960947143367,1.0006037973584119,31743.508590367626,879.7716572059619,32623.78924140539,0.0,3,CRUISE
66.49999999999899,49413.200172056655,60.08590515774868,680.1323981979693,2.0000031413291897,618.1660948559099,14.256300396836401,1.000599341489684,31743.515640523558,879.5987115686244,32623.614831629748,0.0,3,CRUISE
66.59999999999907,49345.186931329,60.084445232301086,680.1324152027715,2.000003157847663,617.900051875757,14.257640035789644,1.0005949613470324,31743.522570736,879.4259218083607,32623.44059939236,0.0,3,CRUISE
66.69999999999915,49277.17368891614,60.08301011773358,680.132431916688,2.000003174079837,617.6340103156834,14.258979864986243,1.0005906556435105,31743.52938303346,879.2532855260798,32623.26654218311,0.0,3,CRUISE
66.79999999999923,49209.160444846915,60.08159939239455,680.132448344538,2.0000031900302115,617.3679701742727,14.26031988539428,1.0005864231140453,31743.536079410653,879.0808003639119,32623.092657523655,0.0,3,CRUISE
66.89999999999931,49141.14719914969,60.080212641798184,680.1324644910684,2.0000032057032375,617.101931450129,14.261660097967019,1.0005822625150627,31743.542661829048,878.9084640044991,32622.918942967015,0.0,3,CRUISE
66.99999999999939,49073.13395185235,60.078849458502745,680.1324803609546,2.000003221103319,616.835894141875,14.2630005036432,1.000578172624123,31743.549132217508,878.7362741702943,32622.745396097114,0.0,3,CRUISE
67.09999999999947,49005.12070298234,60.07750944199077,680.1324959588003,2.0000032362348077,616.5698582481542,14.264341103347187,1.000574152239562,31743.555492472664,878.5642286228848,32622.5720145284,0.0,3,CRUISE
67.19999999999955,48937.10745256665,60.07619219855149,680.1325112891399,2.0000032511020054,616.3038237676292,14.265681897989232,1.0005702001801373,31743.56174445958,878.3923251623145,32622.398795905538,0.0,3,CRUISE
67.29999999999963,48869.09420063176,60.07489734116507,680.132526356438,2.0000032657091653,616.0377906989811,14.267022888465725,1.0005663152846813,31743.567890012167,878.2205616264229,32622.225737903012,0.0,3,CRUISE
67.39999999999971,48801.080947203765,60.07362448938895,680.1325411650897,2.0000032800604846,615.7717590409106,14.268364075659308,1.000562496411761,31743.573930933646,878.0489358902031,32622.052838224958,0.0,3,CRUISE
67.49999999999979,48733.06769230831,60.07237326924605,680.1325557194236,2.0000032941601145,615.5057287921364,14.269705460439239,1.000558742439341,31743.579868997193,877.8774458651536,32621.880094604847,0.0,3,CRUISE
67.59999999999987,48665.05443597062,60.071143313114895,680.1325700237,2.0000033080121513,615.2396999513957,14.27104704366146,1.0005550522644544,31743.585705946232,877.706089498657,32621.707504805232,0.0,3,CRUISE
67.69999999999995,48597.04117821546,60.06993425962159,680.1325840821142,2.0000033216206416,614.973672517444,14.272388826168939,1.00055142480288,31743.59144349512,877.534864773362,32621.53506661755,0.0,3,CRUISE
67.80000000000003,48529.02791906725,60.06874575353367,680.1325978987948,2.0000033349895796,614.7076464890544,14.273730808791765,1.0005478589888228,31743.597083329423,877.3637697065798,32621.362777861887,0.0,3,CRUISE
67.9000000000001,48461.01465854991,60.06757744565572,680.132611477806,2.000003348122907,614.4416218650181,14.27507299234739,1.0005443537746,31743.602627106466,877.1928023496852,32621.190636386804,0.0,3,CRUISE
68.00000000000018,48393.00139668705,60.06642899272673,680.1326248231487,2.000003361024515,614.1755986441432,14.276415377640891,1.0005409081303343,31743.608076455865,877.0219607875322,32621.018640069142,0.0,3,CRUISE
68.10000000000026,48324.98813350179,60.06530005731934,680.1326379387596,2.0000033736982403,613.9095768252552,14.27775796546504,1.0005375210436516,31743.613432979804,876.8512431378824,32620.84678681384,0.0,3,CRUISE
68.20000000000034,48256.974869016936,60.064190307740596,680.132650828513,2.0000033861478683,613.6435564071967,14.27910075660059,1.0005341915193817,31743.618698253573,876.6806475508356,32620.67507455379,0.0,3,CRUISE
68.30000000000042,48188.961603254844,60.06309941793457,680.1326634962223,2.0000033983771344,613.3775373888269,14.280443751816478,1.0005309185792681,31743.623873826065,876.5101722082743,32620.503501249666,0.0,3,CRUISE
68.4000000000005,48120.94833623753,60.06202706738654,680.1326759456394,2.0000034103897186,613.1115197690215,14.281786951869943,1.0005277012616793,31743.628961220096,876.3398153233204,32620.332064889713,0.0,3,CRUISE
68.50000000000058,48052.935067986655,60.06097294102878,680.1326881804563,2.0000034221892515,612.8455035466725,14.283130357506755,1.0005245386213266,31743.63396193286,876.1695751397987,32620.16076348966,0.0,3,CRUISE
68.60000000000066,47984.921798523486,60.05993672914807,680.1327002043053,2.000003433779311,612.579488720688,14.284473969461406,1.0005214297289855,31743.63887743638,875.9994499317044,32619.989595092495,0.0,3,CRUISE
68.70000000000074,47916.90852786893,60.05891812729461,680.1327120207601,2.000003445163423,612.3134752899919,14.285817788457262,1.0005183736712244,31743.643709177868,875.8294380026904,32619.818557768343,0.0,3,CRUISE
68.80000000000082,47848.89525604354,60.05791683619263,680.1327236333369,2.000003456345062,612.0474632535237,14.287161815206769,1.0005153695501356,31743.648458580185,875.6595376855565,32619.647649614304,0.0,3,CRUISE
68.9000000000009,47780.88198306753,60.056932561652445,680.1327350454948,2.0000034673276526,611.7814526102385,14.288506050411614,1.0005124164830697,31743.65312704219,875.4897473417451,32619.476868754246,0.0,3,CRUISE
69.00000000000098,47712.86870896077,60.05596501448399,680.1327462606356,2.0000034781145652,611.5154433591063,14.28985049476287,1.0005095136023787,31743.6577159391,875.320065360856,32619.306213338707,0.0,3,CRUISE
69.10000000000106,47644.85543374277,60.0550139104119,680.1327572821069,2.0000034887091234,611.2494354991121,14.29119514894125,1.0005066600551613,31743.662226623048,875.1504901601552,32619.135681544674,0.0,3,CRUISE
69.20000000000114,47576.84215743274,60.05407896999196,680.1327681132004,2.0000034991145963,610.9834290292558,14.292540013617188,1.0005038550030079,31743.66666042323,874.9810201841028,32618.965271575424,0.0,3,CRUISE
69.30000000000122,47508.82888004954,60.053159918529005,680.132778757154,2.000003509334206,610.7174239485519,14.293885089451026,1.0005010976217608,31743.671018646408,874.8116539038896,32618.794981660347,0.0,3,CRUISE
69.4000000000013,47440.81560161175,60.05225648599621,680.1327892171527,2.0000035193711243,610.4514202560287,14.295230377093237,1.0004983871012665,31743.67530257731,874.6423898169684,32618.624810054775,0.0,3,CRUISE
69.50000000000138,47372.80232213757,60.05136840695574,680.132799496328,2.000003529228471,610.1854179507291,14.29657587718448,1.000495722645141,31743.679513478877,874.4732264466138,32618.454755039773,0.0,3,CRUISE
69.60000000000146,47304.78904164492,60.05049542048083,680.1328095977601,2.00000353890932,609.9194170317102,14.297921590355857,1.0004931034705342,31743.683652592736,874.3041623414712,32618.284814921975,0.0,3,CRUISE
69.70000000000154,47236.77576015143,60.049637270079,680.1328195244779,2.000003548416694,609.6534174980418,14.299267517229012,1.0004905288079007,31743.687721139468,874.1351960751222,32618.11498803339,0.0,3,CRUISE
69.80000000000162,47168.76247767441,60.0487937036168,680.1328292794601,2.000003557753569,609.3874193488085,14.30061365841631,1.0004879979007724,31743.69172031903,873.9663262456565,32617.94527273117,0.0,3,CRUISE
69.9000000000017,47100.749194230884,60.0479644732457,680.1328388656359,2.000003566922875,609.121422583107,14.301960014521008,1.0004855100055385,31743.695651311053,873.7975514752522,32617.775667397396,0.0,3,CRUISE
70.00000000000178,47032.735909837575,60.04714933532924,680.132848285885,2.0000035759274906,608.8554272000478,14.303306586137325,1.000483064391225,31743.699515275133,873.6288704097601,32617.606170438874,0.0,3,CRUISE
70.10000000000186,46964.72262451094,60.04634805037148,680.1328575430391,2.0000035847702504,608.5894331987538,14.304653373850687,1.0004806603392804,31743.703313351267,873.4602817182982,32617.43678028699,0.0,3,CRUISE
70.20000000000194,46896.70933826714,60.04556038294663,680.1328666398824,2.000003593453941,608.3234405783611,14.306000378237806,1.0004782971433654,31743.707046660104,873.2917840928504,32617.26749539739,0.0,3,CRUISE
70.30000000000202,46828.696051122046,60.0447861016299,680.1328755791526,2.000003601981305,608.0574493380177,14.307347599866857,1.0004759741091445,31743.71071630328,873.1233762478755,32617.098314249823,0.0,3,CRUISE
70.4000000000021,46760.682763091296,60.044024978929414,680.1328843635409,2.0000036103550385,607.7914594768845,14.308695039297609,1.0004736905540823,31743.714323363765,872.9550569199183,32616.92923534786,0.0,3,CRUISE
70.50000000000217,46692.66947419022,60.043276791219476,680.1328929956933,2.000003618577792,607.5254709941341,14.310042697081546,1.0004714458072423,31743.71786890611,872.7868248672328,32616.760257218673,0.0,3,CRUISE
70.60000000000225,46624.65618443393,60.04254131867482,680.1329014782116,2.0000036266521763,607.2594838889514,14.31139057376207,1.0004692392090913,31743.72135397689,872.6186788694052,32616.591378412802,0.0,3,CRUISE
70.70000000000233,46556.642893837234,60.04181834520604,680.1329098136524,2.000003634580751,606.9934981605326,14.312738669874513,1.000467070111305,31743.724779604767,872.4506177269966,32616.42259750391,0.0,3,CRUISE
70.80000000000241,46488.62960241472,60.041107658396044,680.1329180045302,2.0000036423660394,606.7275138080852,14.314086985946407,1.000464937876576,31743.72814680105,872.2826402611685,32616.253913088563,0.0,3,CRUISE
70.90000000000249,46420.61631018072,60.040409049437756,680.1329260533166,2.0000036500105196,606.4615308308288,14.315435522497541,1.000462841878428,31743.731456559854,872.1147453133387,32616.085323785905,0.0,3,CRUISE
71.00000000000257,46352.603017149304,60.039722313072645,680.1329339624402,2.0000036575166256,606.1955492279939,14.316784280040046,1.000460781501033,31743.73470985831,871.9469317448342,32615.916828237474,0.0,3,CRUISE
71.10000000000265,46284.5897233343,60.03904724753047,680.1329417342897,2.0000036648867527,605.9295689988215,14.318133259078651,1.0004587561390264,31743.737907657047,871.7791984365401,32615.74842510692,0.0,3,CRUISE
71.20000000000273,46216.57642874934,60.03838365447004,680.1329493712126,2.0000036721232557,605.6635901425637,14.319482460110699,1.0004567651973333,31743.74105090033,871.6115442885706,32615.58011307977,0.0,3,CRUISE
71.30000000000281,46148.56313340777,60.037731338920885,680.1329568755164,2.0000036792284477,605.3976126584836,14.320831883626303,1.0004548080909925,31743.74414051636,871.4439682199393,32615.411890863088,0.0,3,CRUISE
71.40000000000289,46080.549837322746,60.037090109225964,680.1329642494688,2.0000036862046016,605.1316365458543,14.322181530108466,1.0004528842449825,31743.747177417554,871.2764691682294,32615.243757185304,0.0,3,CRUISE
71.50000000000297,46012.536540507186,60.036459776985396,680.1329714952999,2.000003693053953,604.865661803959,14.323531400033223,1.0004509930940544,31743.750162500844,871.1090460892756,32615.075710795903,0.0,3,CRUISE
71.60000000000305,45944.52324297379,60.035840157001054,680.1329786152005,2.0000036997786967,604.5996884320921,14.324881493869704,1.0004491340825663,31743.75309664784,870.9416979568553,32614.907750465143,0.0,3,CRUISE
71.70000000000313,45876.50994473502,60.03523106722223,680.1329856113247,2.0000037063809915,604.3337164295564,14.326231812080316,1.0004473066643185,31743.75598072522,870.7744237623735,32614.73987498381,0.0,3,CRUISE
71.80000000000321,45808.496645803156,60.03463232869206,680.1329924857897,2.000003712862959,604.0677457956656,14.32758235512081,1.0004455103023946,31743.75881558488,870.6072225145642,32614.572083162948,0.0,3,CRUISE
71.90000000000329,45740.48334619025,60.034043765495014,680.132999240676,2.0000037192266813,603.8017765297423,14.328933123440404,1.0004437444690026,31743.761602064213,870.4400932391922,32614.404373833557,0.0,3,CRUISE
72.00000000000337,45672.47004590815,60.03346520470516,680.1330058780287,2.000003725474207,603.5358086311193,14.330284117481897,1.00044200864532,31743.76434098639,870.2730349787582,32614.236745846392,0.0,3,CRUISE
72.10000000000345,45604.45674496852,60.03289647633539,680.1330123998583,2.0000037316075483,603.2698420991379,14.33163533768179,1.0004403023213417,31743.76703316055,870.1060467922117,32614.069198071593,0.0,3,CRUISE
72.20000000000353,45536.4434433828,60.03233741328744,680.1330188081404,2.000003737628682,603.0038769331493,14.332986784470377,1.00043862499573,31743.769679382087,869.9391277546699,32613.90172939846,0.0,3,CRUISE
72.3000000000036,45468.430141162215,60.031787851302866,680.1330251048166,2.000003743539551,602.7379131325127,14.334338458271827,1.0004369761756675,31743.77228043281,869.77227695714,32613.734338735176,0.0,3,CRUISE
72.40000000000369,45400.416838317855,60.03124762891467,680.1330312917954,2.0000037493420626,602.4719506965971,14.335690359504335,1.0004353553767114,31743.774837081248,869.605493506242,32613.567025008557,0.0,3,CRUISE
72.50000000000377,45332.40353486057,60.03071658739997,680.1330373709527,2.0000037550380934,602.2059896247797,14.337042488580204,1.000433762122653,31743.77735008285,869.4387765239461,32613.399787163744,0.0,3,CRUISE
72.60000000000385,45264.390230801066,60.03019457073331,680.1330433441316,2.000003760629484,601.9400299164463,14.338394845905912,1.0004321959453752,31743.779820180163,869.2721251473046,32613.232624163964,0.0,3,CRUISE
72.70000000000393,45196.37692614984,60.02968142554083,680.1330492131443,2.0000037661180463,601.674071570991,14.339747431882289,1.0004306563847176,31743.78224810315,869.1055385281933,32613.06553499022,0.0,3,CRUISE
72.800000000004,45128.363620917204,60.02917700105519,680.133054979771,2.000003771505556,601.4081145878162,14.341100246904501,1.0004291429883398,31743.784634569274,868.9390158330602,32612.89851864106,0.0,3,CRUISE
72.90000000000408,45060.3503151133,60.028681149071296,680.1330606457622,2.0000037767937617,601.1421589663323,14.342453291362272,1.0004276553115885,31743.786980283847,868.7725562426693,32612.73157413231,0.0,3,CRUISE
73.00000000000416,44992.33700874811,60.02819372390274,680.1330662128378,2.0000037819843794,600.8762047059578,14.343806565639873,1.000426192917368,31743.789285940125,868.6061589518587,32612.56470049676,0.0,3,CRUISE
73.10000000000424,44924.323701831425,60.027714582339,680.1330716826884,2.000003787079096,600.610251806119,14.345160070116282,1.0004247553760086,31743.7915522196,868.4398231692961,32612.397896783918,0.0,3,CRUISE
73.20000000000432,44856.310394372886,60.02724358360336,680.1330770569754,2.0000037920795677,600.3443002662497,14.34651380516523,1.0004233422651458,31743.79377979213,868.2735481172448,32612.231162059776,0.0,3,CRUISE
73.3000000000044,44788.297086381965,60.026780589311535,680.1330823373315,2.0000037969874223,600.0783500857915,14.347867771155313,1.0004219531695906,31743.795969316154,868.1073330313253,32612.064495406532,0.0,3,CRUISE
73.40000000000448,44720.28377786799,60.02632546343106,680.1330875253616,2.0000038018042576,599.8124012641931,14.349221968450063,1.0004205876812118,31743.798121438904,867.9411771602903,32611.8978959223,0.0,3,CRUISE
73.50000000000456,44652.27046884008,60.02587807224126,680.133092622643,2.000003806531646,599.5464538009111,14.350576397408073,1.0004192453988132,31743.800236796626,867.7750797657953,32611.731362720897,0.0,3,CRUISE
73.60000000000464,44584.25715930722,60.02543828429403,680.1330976307254,2.0000038111711285,599.280507695408,14.351931058383022,1.0004179259280175,31743.802316014677,867.6090401221791,32611.564894931584,0.0,3,CRUISE
73.70000000000472,44516.24384927828,60.025005970375155,680.1331025511324,2.0000038157242224,599.0145629471549,14.353285951723816,1.000416628881149,31743.804359707796,867.4430575162436,32611.398491698797,0.0,3,CRUISE
73.8000000000048,44448.230538761934,60.024581003466366,680.1331073853617,2.000003820192418,598.7486195556286,14.354641077774637,1.0004153538771203,31743.80636848027,867.2771312470402,32611.232152181863,0.0,3,CRUISE
73.90000000000488,44380.217227766734,60.024163258707986,680.133112134884,2.000003824577177,598.4826775203136,14.355996436875003,1.0004141005413214,31743.808342926015,867.1112606256644,32611.065875554836,0.0,3,CRUISE
74.00000000000496,44312.20391630105,60.02375261336236,680.1331168011463,2.0000038288799384,598.2167368407003,14.357352029359937,1.0004128685055083,31743.810283628965,866.9454449750376,32610.899661006188,0.0,3,CRUISE
74.10000000000504,44244.19060437314,60.02334894677765,680.1331213855697,2.000003833102114,597.950797516286,14.358707855559919,1.0004116574076949,31743.81219116298,866.7796836297167,32610.73350773854,0.0,3,CRUISE
74.20000000000512,44176.17729199111,60.02295214035247,680.1331258895513,2.000003837245092,597.6848595465747,14.360063915801073,1.0004104668920473,31743.814066092244,866.6139759356837,32610.567414968533,0.0,3,CRUISE
74.3000000000052,44108.16397916292,60.02256207750103,680.1331303144638,2.000003841310235,597.4189229310762,14.361420210405152,1.000409296608779,31743.815908971257,866.4483212501572,32610.40138192646,0.0,3,CRUISE
74.40000000000528,44040.15066589644,60.02217864361886,680.1331346616568,2.000003845298882,597.152987669307,14.36277673968969,1.000408146214047,31743.81772034514,866.2827189413922,32610.235407856133,0.0,3,CRUISE
74.50000000000536,43972.13735219936,60.02180172604914,680.1331389324565,2.0000038492123497,596.8870537607892,14.364133503968041,1.000407015369853,31743.819500749716,866.1171683884936,32610.069492014616,0.0,3,CRUISE
74.60000000000544,43904.12403807923,60.02143121404963,680.1331431281664,2.000003853051931,596.6211212050513,14.365490503549411,1.000405903743942,31743.821250711648,865.9516689812334,32609.903633671987,0.0,3,CRUISE
74.70000000000552,43836.11072354351,60.02106699876009,680.1331472500675,2.0000038568188963,596.3551900016278,14.36684773873901,1.0004048110097068,31743.822970748675,865.7862201198625,32609.737832111106,0.0,3,CRUISE
74.8000000000056,43768.09740859951,60.02070897317033,680.1331512994187,2.000003860514492,596.0892601500582,14.36820520983805,1.0004037368460894,31743.824661369694,865.6208212149302,32609.572086627442,0.0,3,CRUISE
74.90000000000568,43700.084093254416,60.02035703208876,680.133155277458,2.0000038641399462,595.8233316498889,14.369562917143863,1.0004026809374886,31743.826323074976,865.4554716871103,32609.406396528815,0.0,3,CRUISE
75.00000000000576,43632.07077751529,60.02001107211149,680.133159185401,2.0000038676964627,595.557404500671,14.370920860949916,1.0004016429736675,31743.82795635622,865.2901709670273,32609.240761135163,0.0,3,CRUISE
75.10000000000583,43564.05746138909,60.01967099159194,680.1331630244437,2.0000038711852257,595.2914787019614,14.372279041545942,1.0004006226496602,31743.829561696806,865.1249184950801,32609.075179778374,0.0,3,CRUISE
75.20000000000591,43496.04414488264,60.01933669061096,680.1331667957608,2.000003874607399,595.0255542533221,14.373637459217942,1.0003996196656844,31743.83113957186,864.9597137212802,32608.90965180206,0.0,3,CRUISE
75.300000000006,43428.030828002644,60.01900807094749,680.1331705005069,2.000003877964124,594.7596311543207,14.374996114248287,1.0003986337270523,31743.83269044843,864.7945561050835,32608.744176561326,0.0,3,CRUISE
75.40000000000607,43360.0175107557,60.01868503604969,680.133174139817,2.0000038812565237,594.4937094045299,14.376355006915754,1.0003976645440842,31743.834214785587,864.629445115229,32608.57875342261,0.0,3,CRUISE
75.50000000000615,43292.004193148285,60.018367491006615,680.1331777148067,2.000003884485702,594.227789003528,14.377714137495625,1.0003967118320236,31743.835713034645,864.4643802295781,32608.413381763487,0.0,3,CRUISE
75.60000000000623,43223.990875186784,60.01805534252028,680.1331812265728,2.0000038876527446,593.9618699508975,14.379073506259713,1.0003957753109536,31743.837185639193,864.2993609349578,32608.248060972386,0.0,3,CRUISE
75.70000000000631,43155.97755687746,60.01774849887823,680.1331846761925,2.0000038907587148,593.6959522462263,14.380433113476434,1.000394854705713,31743.83863303529,864.1343867270078,32608.082790448487,0.0,3,CRUISE
75.80000000000639,43087.96423822646,60.01744686992667,680.1331880647249,2.000003893804659,593.4300358891071,14.381792959410836,1.0003939497458194,31743.840055651533,863.9694571100313,32607.917569601494,0.0,3,CRUISE
75.90000000000647,43019.95091923983,60.01715036704394,680.1331913932111,2.000003896791607,593.1641208791374,14.383153044324727,1.000393060165385,31743.841453909292,863.8045715968389,32607.752397851513,0.0,3,CRUISE
76.00000000000655,42951.937599923556,60.01685890311443,680.1331946626743,2.000003899720569,592.8982072159195,14.384513368476654,1.0003921857030411,31743.842828222692,863.6397297086096,32607.587274628757,0.0,3,CRUISE
76.10000000000663,42883.92428028347,60.016572392503065,680.1331978741206,2.000003902592539,592.6322948990596,14.385873932122026,1.0003913261018618,31743.844178998894,863.474930974742,32607.422199373443,0.0,3,CRUISE
76.20000000000671,42815.9109603253,60.0162907510301,680.1332010285378,2.0000039054084913,592.3663839281696,14.387234735513088,1.0003904811092863,31743.845506638045,863.3101749327186,32607.257171535606,0.0,3,CRUISE
76.30000000000679,42747.89764005472,60.01601389594636,680.1332041268984,2.0000039081693872,592.1004743028649,14.388595778899083,1.000389650477047,31743.846811533596,863.1454611279584,32607.09219057487,0.0,3,CRUISE
76.40000000000687,42679.88431947727,60.015741745909,680.1332071701569,2.0000039108761682,591.8345660227658,14.38995706252618,1.0003888339610947,31743.848094072193,862.9807891136898,32606.92725596031,0.0,3,CRUISE
76.50000000000695,42611.87099859844,60.01547422095754,680.1332101592519,2.0000039135297607,591.5686590874963,14.391318586637626,1.0003880313215288,31743.84935463393,862.8161584508118,32606.76236717033,0.0,3,CRUISE
76.60000000000703,42543.85767742356,60.015211242490444,680.1332130951062,2.000003916131074,591.302753496685,14.392680351473732,1.0003872423225244,31743.850593592477,862.651568707761,32606.597523692435,0.0,3,CRUISE
76.70000000000711,42475.84435595791,60.014952733241905,680.1332159786266,2.000003918681004,591.0368492499648,14.394042357271985,1.0003864667322655,31743.851811315126,862.4870194603837,32606.4327250231,0.0,3,CRUISE
76.80000000000719,42407.83103420669,60.01469861725926,680.1332188107045,2.0000039211804292,590.7709463469724,14.39540460426703,1.0003857043228752,31743.8530081629,862.3225102918101,32606.267970667566,0.0,3,CRUISE
76.90000000000727,42339.81771217499,60.014448819880656,680.133221592216,2.000003923630213,590.5050447873484,14.396767092690768,1.0003849548703494,31743.85418449072,862.1580407923253,32606.10326013976,0.0,3,CRUISE
77.00000000000735,42271.80438986782,60.01420326771304,680.1332243240224,2.000003926031206,590.2391445707378,14.398129822772365,1.0003842181544906,31743.85534064743,861.9936105592502,32605.938592962077,0.0,3,CRUISE
77.10000000000743,42203.79106729011,60.01396188861069,680.1332270069701,2.0000039283842406,589.9732456967894,14.399492794738341,1.0003834939588439,31743.856476975965,861.8292191968188,32605.77396866525,0.0,3,CRUISE
77.2000000000075,42135.777744446714,60.013724611653934,680.1332296418909,2.0000039306901374,589.7073481651553,14.40085600881257,1.0003827820706326,31743.857593813405,861.6648663160585,32605.609386788194,0.0,3,CRUISE
77.30000000000759,42067.764421342355,60.013491367128374,680.1332322296029,2.000003932949702,589.4414519754913,14.402219465216373,1.0003820822806968,31743.858691491136,861.5005515346764,32605.444846877886,0.0,3,CRUISE
77.40000000000767,41999.75109798174,60.01326208650438,680.1332347709098,2.0000039351637273,589.1755571274573,14.403583164168523,1.0003813943834299,31743.859770334868,861.3362744769396,32605.280348489174,0.0,3,CRUISE
77.50000000000774,41931.73775798549,60.01276593831169,680.133752377016,2.0000054458593506,588.9096674030699,14.404969365021811,0.9783184972566573,31743.899949005143,823.605338412844,32603.655012503932,0.0,4,DESCENT
77.60000000000782,41863.724256284804,60.00949586645912,680.1365550730187,2.000013612478993,588.6438166783763,14.406457133813143,0.9220927167479293,31744.119773649563,731.5126626895018,32595.451883465314,0.0,4,DESCENT
77.7000000000079,41795.71029970048,59.99789802185667,680.1425878622265,2.000031086514212,588.3780748450445,14.408095594065786,0.8552001415090217,31744.61066431918,629.0971388972823,32577.726786594085,0.0,4,DESCENT
77.80000000000798,41727.69560890616,59.97172763784272,680.1509157585118,2.000054975293106,588.1125114712042,14.409855405277689,0.8045728352589399,31745.327799772058,556.6968985266784,32552.855757479443,0.0,4,DESCENT
77.90000000000806,41659.68002313233,59.926118559573176,680.1604442784597,2.000081948738221,587.8471710604543,14.41169824885445,0.767677195693368,31746.209216910207,506.6975151032519,32523.80741879649,0.0,4,DESCENT
78.00000000000814,41591.66347502006,59.85753298650541,680.1704084319108,2.0001096761460047,587.5820777535296,14.413597607274857,0.7420259052590966,31747.212141161675,473.2944286021783,32492.722996723172,0.0,4,DESCENT
78.10000000000822,41523.64596270128,59.76352056861586,680.1802720728004,2.000136524696156,587.317240958424,14.415534883185805,0.7255345129034871,31748.30648397977,452.3869550953814,32461.156218138112,0.0,4,DESCENT
78.2000000000083,41455.62752992046,59.642516542458615,680.1896598367883,2.0001613546807415,587.0526593673433,14.417496839812713,0.716458736711252,31749.470596853134,441.0382439905003,32430.239161314475,0.0,4,DESCENT
78.30000000000838,41387.60825172141,59.493672822495405,680.1983111721747,2.000183380455774,586.7883238606277,14.419473926367427,0.7133413744498533,31750.6885300737,437.10750469369185,32400.796864035885,0.0,4,DESCENT
78.40000000000846,41319.58822400715,59.31671690039036,680.2060491354811,2.000202075446568,586.5242196395832,14.421459185280543,0.7149673592142624,31751.948274698127,439.0006961700759,32373.42695467026,0.0,4,DESCENT
78.50000000000854,41251.5675558195,59.1118341970439,680.2127589981311,2.0002171065406253,586.2603278212694,14.423447537797484,0.7203257191581836,31753.240638553092,445.50225822608667,32348.55547717144,0.0,4,DESCENT
78.60000000000862,41183.546363552356,58.87957018230158,680.2183733411193,2.0002282880117286,585.9966266536876,14.425435312713317,0.7285773886984083,31754.55852501124,455.66197058863156,32326.476544522877,0.0,4,DESCENT
78.7000000000087,41115.52476656327,58.62074914465587,680.2228614270243,2.000235548403308,585.7330924589618,14.427419929393851,0.7390279785057582,31755.896463265923,468.71907945801945,32307.38101098295,0.0,4,DESCENT
78.80000000000878,41047.5028838165,58.33640697378814,680.2262213924718,2.0002389060266004,585.4697003776292,14.42939967749176,0.7511047473007996,31757.250292666915,484.05144703513605,32291.37767240309,0.0,4,DESCENT
78.90000000000886,40979.48083130484,58.027735725825636,680.2284743107526,2.000238450228177,585.2064249639203,14.43137355663771,0.7643371335976973,31758.61693953452,501.1413797376885,32278.509353850324,0.0,4,DESCENT
79.00000000000894,40911.45872007378,57.69603808596579,680.2296595116043,2.000234326581148,584.9432406663208,14.43334115316195,0.778340303192842,31759.994248458024,519.5524873814638,32268.765461759707,0.0,4,DESCENT
79.10000000000902,40843.436654722296,57.34269013515016,680.2298307672656,2.000226724814169,584.6801222173269,14.435302539864553,0.7928012510207775,31761.380845364572,538.9137804984682,32262.092049696406,0.0,4,DESCENT
79.2000000000091,40775.41473228909,56.96911107479922,680.2290530982688,2.0002158687224925,584.4170449494051,14.437258190582952,0.8074670662455237,31762.77601935356,558.9084814776256,32258.40009283717,0.0,4,DESCENT
79.30000000000918,40707.393041455434,56.57673877306236,680.2274000447511,2.000202007581571,584.1539850496033,14.439208904885366,0.8221350290285317,31764.179616303412,579.2658868848891,32257.572431084973,0.0,4,DESCENT
79.40000000000926,40639.37166201117,56.16701017337117,680.2249513070029,2.000185408758131,583.8909197622437,14.441155740388925,0.8366442579343851,31765.591940852017,599.7551990417865,32259.46968596027,0.0,4,DESCENT
79.50000000000934,40571.35066454114,55.741345756206826,680.22179069444,2.000166351321363,583.6278275471036,14.443099951461479,0.8508686697758789,31767.0136653938,620.1806327001586,32263.935355654557,0.0,4,DESCENT
79.60000000000942,40503.33011029651,55.30113737205499,680.2180043432803,2.0001451205218013,583.3646881991413,14.44504293375208,0.8647110500269535,31768.44574580343,640.3773587092628,32270.80022779912,0.0,4,DESCENT
79.7000000000095,40435.31005122089,54.84773887104397,680.2136791752395,2.0001220030433107,583.1014829348685,14.446986174328773,0.8780980627340718,31769.889344070176,660.2080134049653,32279.886208292497,0.0,4,DESCENT
79.80000000000958,40367.29053010507,54.3824590457281,680.208901576102,2.000097282954908,582.8381944498024,14.448931207329098,0.8909760549730152,31771.345758158925,679.5596093649635,32291.009638640393,0.0,4,DESCENT
79.90000000000965,40299.271580847475,53.90655648041646,680.20375627633,2.0000712383006225,582.5748069509096,14.450879575041423,0.9033075330405189,31772.816359360895,698.3407502730743,32303.984158143234,0.0,4,DESCENT
80.00000000000973,40231.253228800415,53.42123596550131,680.198325417401,2.000044138271595,582.3113061675442,14.452832794291865,0.915068206342437,31774.302537257943,716.4790936194642,32318.623157250455,0.0,4,DESCENT
80.10000000000981,40163.2354911841,52.92764619022756,680.1926877882034,2.0000162409077284,582.0476793440315,14.454792327946947,0.9262445108544571,31775.805652259278,733.919029094291,32334.741862096318,0.0,4,DESCENT
80.2000000000099,40095.21837761489,52.42687847426219,680.1869146068273,1.9999877806655961,581.7839152025268,14.456759407925588,0.9368315374871081,31777.92279816452,750.6195619136383,32352.169236248774,0.0,4,DESCENT
80.30000000000997,40027.20189261644,51.91996635118353,680.181041536821,1.999958886127828,581.5200034418192,14.45873384862275,0.9468313003876281,31780.87004038813,766.5524331677865,32370.828604723447,0.0,4,DESCENT
80.40000000001005,39959.18603634944,51.40788580848604,680.1751289566654,1.9999297572228745,581.2559346191603,14.460716608774293,0.9562512951029783,31783.846089484407,781.7002241351609,32390.569829368924,0.0,4,DESCENT
80.50000000001013,39891.17080261609,50.89155603670116,680.1692418160003,1.99990060601134,580.9917006677898,14.462708931692323,0.9651033030367085,31786.841834768824,796.054807392442,32411.222863494248,0.0,4,DESCENT
80.60000000001021,39823.156179249505,50.37184060960375,680.163439988475,1.9998716283473283,580.7272948764794,14.464711933247656,0.9734023974739544,31789.84879629326,809.6159348283259,32432.624839012136,0.0,4,DESCENT
80.70000000001029,39755.142148661675,49.84954898302744,680.1577781658814,1.999843003602029,580.4627118278715,14.46672659503876,0.9811661215546592,31792.859124649916,822.3899571894765,32454.620744932803,0.0,4,DESCENT
80.80000000001037,39687.12868838886,49.325438231435726,680.1523058282046,1.9998148946160255,580.1979473320588,14.468753760402612,0.9884138110386873,31795.865594294744,834.388686742551,32477.06393371553,0.0,4,DESCENT
80.90000000001045,39619.11577162893,48.80021495657505,680.1470672784559,1.9997874478460564,579.9329983567178,14.470794132901675,0.9951660386746715,31798.861591500157,845.628393223596,32499.816476230997,0.0,4,DESCENT
81.00000000001053,39551.103367765274,48.27453731433474,680.142101732042,1.9997607936748532,579.6678629549434,14.472848276939734,1.0014441605742264,31801.841097925302,856.128922886371,32522.749384516464,0.0,4,DESCENT
81.10000000001061,39483.09143436036,47.74887752999716,680.1379244668216,1.9997364579329644,579.4025421433112,14.474937322073924,0.9798445642701542,31804.76597274485,819.4005017190374,32544.541547891262,0.0,5,TERMINAL
81.20000000001069,39415.0797717673,47.22102220138555,680.1367668703949,1.9997209504944298,579.1370738212307,14.47715985102317,0.9503253193312355,31807.49238880464,770.5815145038243,32559.47193154561,0.0,5,TERMINAL
81.30000000001077,39347.06817966965,46.68838332119573,680.1368434191228,1.9997089621377835,578.8714984711427,14.479444101065091,0.9490141603542321,31810.15729612712,768.2625185217393,32571.769192756565,0.0,5,TERMINAL
81.40000000001085,39279.056618179566,46.15089336896942,680.136776711368,1.9996964415004754,578.6058211816417,14.481731533795534,0.9626667983841533,31812.856673847975,790.3262693830382,32584.791461713667,0.0,5,TERMINAL
81.50000000001093,39211.0451294037,45.60990524451457,680.1359494047508,1.9996816045545467,578.3400282124016,14.48399362302755,0.9827945815163982,31815.62661013105,823.5137521407853,32600.102224642975,0.0,5,TERMINAL
81.60000000001101,39143.03378572297,45.067380433506784,680.1341954983689,1.9996640082600843,578.0740981961115,14.486220053259448,1.0042595433212484,31818.468801074123,859.6650237258829,32618.188231142973,0.0,5,TERMINAL
81.70000000001109,39075.02265971431,44.525398659260354,680.1316085192726,1.999643975331965,577.8080088441304,14.48841136304955,1.0242028828456202,31821.36632464827,893.9275417143203,32638.90012312875,0.0,5,TERMINAL
81.80000000001117,39007.011807840696,43.98588595756136,680.1284144871074,1.9996222144883269,577.541740763007,14.490573984199708,1.0412545015039347,31824.29382537281,923.7149227864238,32661.745379051838,0.0,5,TERMINAL
81.90000000001125,38939.00126322136,43.450485228325704,680.1248878983984,1.9995995704602818,577.2752793273713,14.492716876718287,1.0549685237934667,31827.223998970425,947.976546692194,32686.085554453126,0.0,5,TERMINAL
82.00000000001133,38870.991034239996,42.92051508288817,680.1212991798764,1.9995768685558233,577.0086152673078,14.494849358042142,1.0654336395490387,31830.131449031436,966.642970426095,32711.26346341777,0.0,5,TERMINAL
82.1000000000114,38802.9811066183,42.39697962370264,680.1178852867566,1.9995548284440108,576.7417444606976,14.496979834195526,1.0730141390028085,31832.994680396976,980.2095031017864,32736.67797270485,0.0,5,TERMINAL
82.20000000001149,38734.971447249314,41.88060435461955,680.1148365414576,1.9995340262882957,576.4746672911725,14.499115179933742,1.0781855222080863,31835.796833102148,989.4402440539803,32761.821130521348,0.0,5,TERMINAL
82.30000000001156,38666.96200863595,41.371882502110935,680.1122940342442,1.9995148881716172,576.2073878224223,14.501260551937563,1.081436319078286,31838.52563031286,995.1732965942215,32786.29002876514,0.0,5,TERMINAL
82.40000000001164,38598.95273321877,40.87112238032658,680.1103532031636,1.9994977017123141,575.9399129496852,14.503419463744356,1.0832146253871286,31841.17289184991,998.204781374973,32809.783229819004,0.0,5,TERMINAL
82.50000000001172,38530.94355720364,40.37849071836403,680.1090704621942,1.9994826365483738,575.6722516207069,14.505593997318933,1.083903593964688,31843.733856388248,999.2294840770595,32832.0889768241,0.0,5,TERMINAL
82.6000000000118,38462.93441372471,39.89404963920898,680.1084708198695,1.9994697675871123,575.4044141701507,14.507785067329282,1.0838146957366626,31846.206466878342,998.8189973289121,32853.070076200725,0.0,5,TERMINAL
82.70000000001188,38394.925235319795,39.4177866770583,680.1085552623638,1.999459097401793,575.1364117801462,14.509992686846752,1.0831910816831103,31848.590707393403,997.4224861158345,32872.648478658455,0.0,5,TERMINAL
82.80000000001196,38326.91595577413,38.94963818154876,680.1093072659335,1.999450575916131,574.8682560613148,14.512216206800682,1.0822159895384158,31850.88803371352,995.3794788350128,32890.79122469605,0.0,5,TERMINAL
82.90000000001204,38258.906511426205,38.48950693499215,680.1106981906509,1.9994441166664991,574.5999587393509,14.514454517237484,1.0810230181634597,31853.100910678073,992.9377032291052,32907.49850418322,0.0,5,TERMINAL
83.00000000001212,38190.896842038695,38.03727498256764,680.1126915393836,1.9994396096177716,574.3315314288255,14.516706208045628,1.0797063994684972,31855.232452361943,990.2717367872496,32922.79401103767,0.0,5,TERMINAL
83.1000000000122,38122.88689133306,37.5928126709516,680.1152461895929,1.9994369308720321,574.0629854759575,14.518969692090572,1.0783302738478404,31857.286152583016,987.5001695790043,32936.717455133876,0.0,5,TERMINAL
83.20000000001228,38054.87660727335,37.15598479202981,680.1183187587044,1.999435949763439,573.7943318539823,14.521243296137325,1.076936537188687,31859.26569006325,984.700236889209,32949.31894116668,0.0,5,TERMINAL
83.30000000001236,37986.86594216969,36.72665458891288,680.1218652747178,1.999436533861384,573.5255810973804,14.523525325635328,1.0755511682127603,31861.1747925172,981.919643562255,32960.65487493722,0.0,5,TERMINAL
83.40000000001244,37918.85485265652,36.30468623398579,680.1258423116248,1.99943855236511,573.2567432639916,14.525814109168733,1.0741891348796757,31863.01714552891,979.1857255318984,32970.7850668912,0.0,5,TERMINAL
83.50000000001252,37850.84329958787,35.889946251235656,680.1302077265822,1.999441878303282,572.987827916566,14.52810802763776,1.07285807001018,31864.796334341525,976.5122966345854,32979.770741344386,0.0,5,TERMINAL
83.6000000000126,37782.83124788008,35.48230423625536,680.1349211101037,1.9994463898737322,572.7188441174742,14.530405532336921,1.0715609364693588,31866.515809065928,973.9045969391616,32987.67320948345,0.0,5,TERMINAL
83.70000000001268,37714.81866632402,35.08163312989837,680.139944035927,1.9994519711840473,572.4498004320382,14.532705155207728,1.070297896946689,31868.178866011996,971.3627511666284,32994.55301446596,0.0,5,TERMINAL
83.80000000001276,37646.80552738168,34.68780922496701,680.1452401756998,1.9994585125886204,572.1807049373116,14.535005513751168,1.0690675797157365,31869.788639724196,968.8841001740968,33000.46940234788,0.0,5,TERMINAL
83.90000000001284,37578.79180697717,34.300712027217294,680.1507753258917,1.9994659107643367,571.9115652341494,14.53730531242456,1.0678679006386125,31871.348101825173,966.4647081093004,33005.48001086475,0.0,5,TERMINAL
84.00000000001292,37510.77748428844,33.920224049324766,680.1565173803633,1.9994740686249743,571.6423884611515,14.53960334182116,1.0666965696098267,31872.860063955315,964.1002860124593,33009.64069883895,0.0,5,TERMINAL
84.100000000013,37442.76254154356,33.54623058616783,680.1624362713956,1.9994828951424755,571.3731813095841,14.541898476526963,1.0655513801645744,31874.327182984496,961.7867162953397,33013.00546271698,0.0,5,TERMINAL
84.20000000001308,37374.74696382371,33.17861949899676,680.1685038941853,1.9994923051198294,571.1039500387326,14.544189672250841,1.0644303557447874,31875.751967318698,959.5203146738125,33015.626404438495,0.0,5,TERMINAL
84.30000000001316,37306.73073887382,32.81728102233333,680.174694024249,1.9995022189436438,570.8347004913842,14.546475962608678,1.0633318055821601,31877.136783577716,957.29792747346,33017.55372761924,0.0,5,TERMINAL
84.40000000001324,37238.7138569214,32.4621075988076,680.1809822333524,1.9995125623330372,570.5654381092671,14.548756455793637,1.0622543271100198,31878.483863229605,955.1169322168823,33018.83574796376,0.0,5,TERMINAL
84.50000000001332,37170.69631050345,32.112993742040665,680.187345807031,1.9995232660938653,570.2961679483764,14.55103033126357,1.0611967797085402,31879.795308969726,952.975186893213,33019.51890985365,0.0,5,TERMINAL
84.6000000000134,37102.678094301154,31.769835924960304,680.1937636651605,1.9995342658825122,570.0268946941518,14.553296836512738,1.06015824574805,31881.073100757072,950.8709569664157,33019.6478049655,0.0,5,TERMINAL
84.70000000001347,37034.65920498222,31.43253248974207,680.2002162860583,1.999545501980563,569.7576226765043,14.555555283954984,1.0591379886489396,31882.319101495017,948.8028376903552,33019.26519117938,0.0,5,TERMINAL
84.80000000001355,36966.63964105043,31.100983575300734,680.20668563405,1.999556919080085,569.4883558846858,14.557805047922695,1.058135413414377,31883.53506238181,946.7696815001983,33018.41201141975,0.0,5,TERMINAL
84.90000000001363,36898.61940270216,30.775091058509204,680.2131550901911,1.9995684660785016,569.2190979820074,14.560045561774881,1.0571500322974003,31884.72262797262,944.7705351652453,33017.12741277631,0.0,5,TERMINAL
85.00000000001371,36830.59849168956,30.454758505825296,680.2196093857327,1.9995800958817864,568.9498523203956,14.562276315102707,1.0561814365202926,31885.88334099899,942.8045882370666,33015.44876653576,0.0,5,TERMINAL
85.1000000000138,36762.576911190175,30.139891132595377,680.2260345379381,1.9995917652147503,568.6806219547807,14.56449685102031,1.0552292739481708,31887.018646986908,940.871132506837,33013.41168978934,0.0,5,TERMINAL
85.20000000001387,36694.55466568282,29.830395767880535,680.2324177879062,1.9996034344373663,568.4114096572976,14.566706763530282,1.0542932320880165,31888.129898709245,938.9695312486436,33011.05006918452,0.0,5,TERMINAL
85.30000000001395,36626.53176082953,29.526180823165557,680.2387475401493,1.9996150673663442,568.1422179312842,14.568905694955749,1.0533730255631046,31889.218360498035,937.099196647632,33008.396087234265,0.0,5,TERMINAL
85.40000000001403,36558.50820336338,29.227156263742856,680.2450133037278,1.9996266311013562,567.873049025052,14.57109333343309,1.0524683871774405,31890.28521243737,935.2595737672808,33005.48025143092,0.0,5,TERMINAL
85.50000000001411,36490.484000982135,28.9332335819093,680.2512056348378,1.9996380958555797,567.6039049454042,14.573269410462425,1.0515790617517673,31891.331554448123,933.4501295464738,33002.33142625804,0.0,5,TERMINAL
85.60000000001419,36422.45916224749,28.644325771380828,680.2573160807802,1.9996494347903353,567.3347874708851,14.57543369851399,1.050704802027548,31892.35841027311,931.6703455362637,32998.97686806398,0.0,5,TERMINAL
85.70000000001427,36354.4336964898,28.360347302528584,680.2633371253004,1.9996606238537793,567.0656981647284,14.5775860086909,1.0498453660645257,31893.366731365197,929.9197133278742,32995.442262660225,0.0,5,TERMINAL
85.80000000001435,36286.4076137182,28.081214098183793,680.269262135304,1.9996716416236628,566.7966383874893,14.579726188449222,1.0490005156817626,31894.35740067945,928.1977318536616,32991.75176543439,0.0,5,TERMINAL
85.90000000001443,36218.38092453592,27.806843509858993,680.2750853089834,1.9996824691542496,566.5276093093403,14.581854119377123,1.0481700156017535,31895.331236367998,926.503905944402,32987.9280437185,0.0,5,TERMINAL
86.00000000001451,36150.35364006074,27.537154294300613,680.2808016253911,1.9996930898275016,566.2586119220103,14.58396971503513,1.0473536330484645,31896.28899537483,924.8377456931601,32983.99232112435,0.0,5,TERMINAL
86.10000000001459,36082.325771850294,27.272066590331463,680.2864067955117,1.9997034892086814,565.9896470503563,14.586072918859893,1.046551137622813,31897.231376927994,923.1987663082275,32979.96442354464,0.0,5,TERMINAL
86.20000000001467,36014.29733183221,27.011501895968436,680.2918972148677,1.9997136549064745,565.7207153635541,14.588163702133167,1.0457623013348238,31898.15902592594,921.5864882387159,32975.862826516954,0.0,5,TERMINAL
86.30000000001475,35946.268332238884,26.755383045815712,680.2972699177101,1.9997235764377785,565.4518173858961,14.590242062018298,1.04498689871301,31899.072536214953,920.0004374309191,32971.70470365549,0.0,5,TERMINAL
86.40000000001483,35878.23878554671,26.503634188741213,680.3025225328159,1.9997332450972323,565.1829535071915,14.592308019665435,1.0442247069411907,31899.972453755603,918.4401456270336,32967.50597586769,0.0,5,TERMINAL
86.50000000001491,35810.20870441963,26.25618076584683,680.3076532409332,1.9997426538315883,564.9141239927635,14.59436161838709,1.0434755059935528,31900.85927967572,916.9051506546865,32963.28136109056,0.0,5,TERMINAL
86.60000000001499,35742.178101656806,26.012949488742766,680.3126607338825,1.999751797118976,564.6453289930379,14.596402921904764,1.042739078752546,31901.73347320841,915.3949966803804,32959.04442429928,0.0,5,TERMINAL
86.70000000001507,35674.1469901443,25.773868318134845,680.3175441753328,1.9997606708530897,564.3765685527244,14.598432012667311,1.0420152111030045,31902.595454514212,913.9092344156013,32954.80762756157,0.0,5,TERMINAL
86.80000000001515,35606.1153828105,25.5388664427315,680.3223031632543,1.9997692722323175,564.10784261959,14.600448990241336,1.0413036920012455,31903.44560738695,912.4474212738083,32950.5823799303,0.0,5,TERMINAL
86.90000000001523,35538.08329258529,25.307874258474744,680.326937694042,1.9997775996537943,563.8391510528276,14.602453969773462,1.040604313520827,31904.284281843396,911.0091214816881,32946.379086987414,0.0,5,TERMINAL
87.0000000000153,35470.05073236261,25.08082334809745,680.3314481283109,1.9997856526123745,563.5704936310223,14.604447080524436,1.039916870878085,31905.11179659672,909.5939061505035,32942.207199870136,0.0,5,TERMINAL
87.10000000001538,35402.01771496642,24.857646461007384,680.3358351583337,1.9997934316044472,563.3018700597204,14.606428464474076,1.0392411624410043,31905.928441415293,908.2013533141429,32938.075263629384,0.0,5,TERMINAL
87.20000000001546,35333.984253119655,24.638277493496894,680.3400997771129,1.9998009380365587,563.0332799786075,14.608398274996578,1.0385769897248873,31906.734479367875,906.8310479402164,32933.99096478651,0.0,5,TERMINAL
87.30000000001554,35265.95035941637,24.42265146927615,680.3442432490519,1.999808174138752,562.7647229683043,14.610356675604939,1.0379241573779057,31907.53014895682,905.4825819198621,32929.96117797107,0.0,5,TERMINAL
87.40000000001562,35197.916046296516,24.210704520326825,680.3482670822048,1.9998151428825484,562.4961985567837,14.612303838763397,1.0372824731591044,31908.31566614105,904.1555540409914,32925.992011536604,0.0,5,TERMINAL
87.5000000000157,35129.88132602359,24.002373868072606,680.3521730020622,1.9998218479034604,562.2277062254238,14.614239944766434,1.0366517479109376,31909.091226251705,902.849569948809,32922.088852065775,0.0,5,TERMINAL
87.60000000001578,35061.84621066462,23.79759780486243,680.3559629268455,1.99982829342794,561.9592454147012,14.6161651806828,1.0360317955279315,31909.857005801896,901.5642420965835,32918.256407688605,0.0,5,TERMINAL
87.70000000001586,34993.810712072634,23.596315675762117,680.3596389442612,1.999834484204633,561.6908155295364,14.61807973936289,1.0354224329226815,31910.61316419427,900.2991896889431,32914.498750149985,0.0,5,TERMINAL
87.80000000001594,34925.7748418714,23.39846786064992,680.3632032896836,1.9998404254398348,561.4224159443037,14.619983818507873,1.0348234799900562,31911.359845328254,899.0540386193796,32910.81935557313,0.0,5,TERMINAL
87.90000000001602,34857.738611442124,23.203995756611356,680.3666583257149,1.9998461227370077,561.1540460075125,14.621877619798509,1.0342347595702384,31912.097179110584,897.8284214032141,32907.22114387601,0.0,5,TERMINAL
88.0000000000161,34789.70203191217,23.01284176062873,680.3700065230802,1.9998515820402258,560.8857050461748,14.623761348081876,1.03365609741103,31912.825282872,896.6219771069184,32903.70651680755,0.0,5,TERMINAL
88.10000000001618,34721.665114145675,22.824949252560792,680.3732504428137,1.999856809581425,560.6173923698675,14.625635210614005,1.0330873221297212,31913.544262692903,895.4343512744579,32900.2773945781,0.0,5,TERMINAL
88.20000000001626,34653.62786873575,22.640262578407885,680.3763927196857,1.9998618118313054,560.3491072745034,14.627499416356411,1.0325282651747107,31914.254214641845,894.2651958511162,32896.93525106775,0.0,5,TERMINAL
88.30000000001634,34585.59030599835,22.45872703385817,680.3794360468238,1.9998665954537538,560.0808490458205,14.62935417532446,1.03197876078701,31914.955225929578,893.1141691051838,32893.68114760236,0.0,5,TERMINAL
88.40000000001642,34517.55243596755,22.28028884811041,680.3823831614822,1.9998711672636442,559.8126169626024,14.631199697985533,1.031438645961712,31915.647375982197,891.9809355477668,32890.51576529414,0.0,5,TERMINAL
88.5000000000165,34449.514268392195,22.104895167968866,680.385236831907,1.9998755341878713,559.5444102996416,14.633036194704866,1.0309077604094752,31916.33073743667,890.8651658509561,32887.43943594984,0.0,5,TERMINAL
88.60000000001658,34381.475812733785,21.93249404220612,680.3879998452545,1.9998797032294788,559.2762283304575,14.634863875237032,1.030385946518067,31917.005377062138,889.766536764544,32884.452171554585,0.0,5,TERMINAL
88.70000000001666,34313.43707816558,21.763034406189387,680.3906749965104,1.9998836814347438,559.0080703297783,14.636682948261086,1.0298730493139838,31917.67135661009,888.6847310314506,32881.55369234462,0.0,5,TERMINAL
88.80000000001674,34245.39807357256,21.59646606676621,680.3932650783638,1.9998874758630683,558.739935575802,14.638493620957034,1.0293689164241788,31918.32873359698,887.6194373020429,32878.74345348646,0.0,5,TERMINAL
88.90000000001682,34177.35880755254,21.432739687405377,680.3957728719897,1.9998910935595482,558.4718233522459,14.640296098621924,1.028873398037914,31918.97756202235,886.5703500474771,32876.02067038425,0.0,5,TERMINAL
89.0000000000169,34109.31928841804,21.27180677358883,680.398201138694,1.9998945415300866,558.2037329501946,14.642090584323393,1.0283863468687569,31919.617893025632,885.5371694722256,32873.3843426398,0.0,5,TERMINAL
89.10000000001698,34041.279524198995,21.11361965845075,680.4005526123742,1.999897826718906,557.9356636697584,14.643877278588713,1.0279076181167404,31920.249775485026,884.5196014259286,32870.83327669379,0.0,5,TERMINAL
89.20000000001706,33973.23952264607,20.95813148865961,680.4028299927521,1.9999009559883387,557.6676148215541,14.64565637912738,1.0274370694307156,31920.873256561255,883.5173573147174,32868.36610717861,0.0,5,TERMINAL
89.30000000001714,33905.19929123477,20.805296210539396,680.4050359393356,1.999903936100764,557.3995857280174,14.647428080585431,1.0269745608709024,31921.488382189378,882.5301540121369,32865.98131701595,0.0,5,TERMINAL
89.40000000001722,33837.1588371699,20.65506855642603,680.4071730660661,1.9999067737025669,557.1315757245532,14.649192574329613,1.0265199548716761,31922.095197521696,881.5577137698081,32863.677256294024,0.0,5,TERMINAL
89.5000000000173,33769.11816739072,20.507404031255266,680.4092439366119,1.9999094753099993,556.8635841605421,14.650950048259586,1.0260731162045984,31922.693747324487,880.5997641279581,32861.452159961154,0.0,5,TERMINAL
89.60000000001737,33701.07728857632,20.362258899378173,680.4112510602658,1.9999120472968253,556.5956104002051,14.65270068664645,1.0256339119417195,31923.284076331238,879.656037825936,32859.304164373534,0.0,5,TERMINAL
89.70000000001745,33633.03620715161,20.219590171600515,680.4131968884083,1.9999144958836317,556.3276538233384,14.654444669995847,1.0252022114191703,31923.86622955552,878.7262727128417,32857.23132273634,0.0,5,TERMINAL
89.80000000001753,33564.99492929337,20.07935559244237,680.4150838115014,1.999916827128703,556.0597138259274,14.656182174934132,1.0247778862010621,31924.44025256573,877.8102116583656,32855.23161947784,0.0,5,TERMINAL
89.90000000001761,33496.95346093679,19.941513627614366,680.416914156574,1.9999190469203476,555.7917898206473,14.657913374115894,1.0243608100437112,31925.006191724267,876.9076024639569,32853.30298359728,0.0,5,TERMINAL
90.00000000001769,33428.91180778209,19.806023451706928,680.4186901851646,1.999921160970573,555.5238812372612,14.659638436151374,1.023950858860205,31925.564094393812,876.01819777441,32851.44330102687,0.0,5,TERMINAL
90.10000000001777,33360.86997530133,19.672844936089,680.4204140916903,1.9999231748100166,555.2559875229191,14.661357525552367,1.0235479106853262,31926.114009112815,875.1417549899647,32849.65042604929,0.0,5,TERMINAL
90.20000000001785,33292.82796874545,19.541938637012823,680.4220880022066,1.999925093784031,554.9881081423696,14.663070802695076,1.02315184564085,31926.65598574268,874.2780361790143,32847.92219181147,0.0,5,TERMINAL
90.30000000001793,33224.78579315127,19.413265783921315,680.4237139735301,1.999926923049844,554.7202425780885,14.66477842379878,1.022762545901219,31927.190075588253,873.4268079914807,32846.25641997545,0.0,5,TERMINAL
90.40000000001801,33156.74345334868,19.286788267954634,680.4252939926936,1.9999286675746912,554.4523903303337,14.666480540918787,1.0223798956596195,31927.716331494717,872.5878415729528,32844.65092954682,0.0,5,TERMINAL
90.50000000001809,33088.70095396777,19.16246863065269,680.4268299767054,1.9999303321348583,554.18455091713,14.668177301952673,1.022003781094457,31928.234807921446,871.760912479641,32843.10354492091,0.0,5,TERMINAL
90.60000000001817,33020.658299446,19.040270052850232,680.4283237725878,1.9999319213155378,553.916723874193,14.669868850658506,1.0216340903362506,31928.745560996107,870.9458005942204,32841.61210318605,0.0,5,TERMINAL
90.70000000001825,32952.61549403536,18.92015634376134,680.4297771576657,1.9999334395114345,553.6489087547956,14.671555326683984,1.0212707134349444,31929.248648549757,870.1422900426084,32840.174460722905,0.0,5,TERMINAL
90.80000000001833,32884.572541809466,18.802091930250146,680.4311918400884,1.9999348909280519,553.3811051295837,14.673236865605487,1.020913542327649,31929.744130135037,869.3501691117322,32838.78849913774,0.0,5,TERMINAL
90.90000000001841,32816.52944667057,18.686041846284624,680.4325694595534,1.9999362795835827,553.1133125863481,14.674913598975957,1.0205624708068155,31930.232067029163,868.5692301683385,32837.45213056693,0.0,5,TERMINAL
91.00000000001849,32748.486212356504,18.571971722570378,680.4339115882173,1.9999376093113508,552.8455307297523,14.676585654380743,1.020217394488848,31930.712522222937,867.7992695788746,32836.16330238908,0.0,5,TERMINAL
91.10000000001857,32680.442842447548,18.45984777636136,680.4352197317704,1.9999388837627385,552.5777591810281,14.678253155500515,1.0198782107831585,31931.185560397396,867.0400876304886,32834.92000138005,0.0,5,TERMINAL
91.20000000001865,32612.399340373137,18.34963680144463,680.4364953306583,1.9999401064105484,552.309997577637,14.679916222180363,1.0195448188616634,31931.651247889382,866.2914884531706,32833.72025734502,0.0,5,TERMINAL
91.30000000001873,32544.35570941837,18.24130615829608,680.4377397614288,1.9999412805527412,552.0422455729054,14.681574970504354,1.0192171196287287,31932.109652647243,865.5532799430731,32832.56214626112,0.0,5,TERMINAL
91.4000000000188,32476.31195273059,18.13482376440432,680.4389543381919,1.9999424093165044,551.7745028356359,14.683229512874794,1.0188950156915615,31932.56084417817,864.8252736870227,32831.443792962615,0.0,5,TERMINAL
91.50000000001889,32408.26807332551,18.030158084759854,680.4401403141736,1.999943495662605,551.5067690496982,14.684879958095452,1.018578411331051,31933.004893487636,864.1072848882595,32830.36337339964,0.0,5,TERMINAL
91.60000000001897,32340.22407409342,17.92727812250672,680.4412988833527,1.999944542389987,551.2390439136044,14.686526411458276,1.018267212473054,31933.44187301251,863.3991322933988,32829.319116500395,0.0,5,TERMINAL
91.70000000001905,32272.179957805136,17.826153409753857,680.4424311821626,1.9999455521405665,550.9713271400702,14.688168974832777,1.0179613266601293,31933.871856548692,862.7006381206469,32828.30930566558,0.0,5,TERMINAL
91.80000000001912,32204.135727117755,17.726753998543472,680.4435382912486,1.999946527404186,550.7036184555644,14.68980774675768,1.0176606630237166,31934.294919174266,862.0116279892732,32827.33227992233,0.0,5,TERMINAL
91.9000000000192,32136.091384580206,17.62905045197375,680.4446212372686,1.9999474705237124,550.4359175998522,14.691442822534306,1.0173651322567603,31934.711137168357,861.331930850349,32826.38643476447,0.0,5,TERMINAL
92.00000000001928,32068.046932638696,17.53301383547327,680.445680994725,1.9999483837002157,550.1682243255322,14.693074294321127,1.0170746465867715,31935.120587927475,860.6613789187516,32825.470222703865,0.0,5,TERMINAL
92.10000000001936,32000.002373641895,17.438615708224518,680.4467184878199,1.9999492689982312,549.9005383975692,14.694702251229247,1.0167891197493315,31935.523349879346,859.9998076064397,32824.58215355716,0.0,5,TERMINAL
92.20000000001944,31931.957709846014,17.345828114733983,680.4477345923228,1.9999501283510552,549.6328595928271,14.696326779418124,1.0165084669620281,31935.919502394867,859.3470554570044,32823.72079449076,0.0,5,TERMINAL
92.30000000001952,31863.912943419564,17.254623576546383,680.4487301374435,1.9999509635660597,549.3651876996023,14.697947962191488,1.016232604898824,31936.3091256994,858.7029640814799,32822.88476984563,0.0,5,TERMINAL
92.4000000000196,31795.868076448052,17.164975084100416,680.4497059077012,1.9999517763300045,549.0975225171574,14.699565880092814,1.0159614516648525,31936.69230078301,858.0673780954235,32822.07276076288,0.0,5,TERMINAL
92.50000000001968,31727.823110938392,17.07685608872377,680.4506626447857,1.9999525682143204,548.8298638552623,14.70118061100032,1.0156949267716364,31937.069109311196,857.4401450572476,32821.28350462947,0.0,5,TERMINAL
92.60000000001976,31659.77804882323,16.99024049476496,680.4516010494012,1.9999533406803511,548.5622115337369,14.702792230221009,1.0154329511127265,31937.439633535705,856.8211154078031,32820.51579436241,0.0,5,TERMINAL
92.70000000001984,31591.732891964974,16.90510265185961,680.4525217830897,1.9999540950845363,548.294565382003,14.704400810583628,1.0151754469397538,31937.80395620603,856.2101424111993,32819.76847754913,0.0,5,TERMINAL
92.80000000001992,31523.687642159704,16.82141734732892,680.4534254700269,1.9999548326835166,548.0269252386422,14.706006422530299,1.0149223378388892,31938.162160482516,855.6070820968448,32819.0404554603,0.0,5,TERMINAL
92.90000000002,31455.642301140913,16.739159798708098,680.454312698788,1.999955554639153,547.7592909509635,14.707609134206537,1.01467354870771,31938.51432985048,855.011793202714,32818.33068195037,0.0,5,TERMINAL
93.00000000002008,31387.596870582995,16.658305646402425,680.4551840240781,1.9999562620234432,547.4916623745793,14.70920901154967,1.014429005732465,31938.86054803664,854.4241371198048,32817.638162260555,0.0,5,TERMINAL
93.10000000002016,31319.551352104638,16.578830946468884,680.456039968425,1.9999569558233357,547.2240393729916,14.710806118375329,1.014188636365729,31939.200898926858,853.8439778377799,32816.961951737605,0.0,5,TERMINAL
93.20000000002024,31251.505747272022,16.500712163521133,680.4568810238303,1.9999576369454173,546.9564218171897,14.712400516461994,1.0139523693044532,31939.535466486894,853.2711818917853,32816.301154480876,0.0,5,TERMINAL
93.30000000002032,31183.46005760188,16.423926163755734,680.4577076533762,1.9999583062204787,546.6888095852594,14.713992265633374,1.0137201344683886,31939.864334685033,852.7056183104145,32815.65492192967,0.0,5,TERMINAL
93.4000000000204,31115.41428456427,16.348450208097535,680.4585202927879,1.9999589644079474,546.4212025620022,14.715581423838676,1.013491862978895,31940.187587417677,852.1471585648127,32815.02245140163,0.0,5,TERMINAL
93.50000000002048,31047.36842958542,16.274261945462225,680.4593193519463,1.999959612200184,546.1536006385688,14.717168047230567,1.013267487138114,31940.50530843735,851.5956765188898,32814.40298459225,0.0,5,TERMINAL
93.60000000002056,30979.322494050168,16.201339406134,680.4601052163546,1.9999602502266356,545.8860037121036,14.718752190240808,1.013046940408513,31940.817581283758,851.051048380643,32813.79580604502,0.0,5,TERMINAL
93.70000000002064,30911.276479304463,16.129660995256376,680.4608782485508,1.999960879057844,545.6184116854015,14.720333905653504,1.0128301573927843,31941.12448921779,850.5131526545476,32813.20024160043,0.0,5,TERMINAL
93.80000000002072,30843.230386657626,16.059205486434237,680.4616387894729,1.9999614992093089,545.3508244665788,14.72191324467597,1.0126170738141003,31941.42611515831,849.9818700950137,32812.61565683234,0.0,5,TERMINAL
93.9000000000208,30775.184217384456,15.989952015445178,680.4623871597703,1.9999621111451982,545.0832419687559,14.723490257007139,1.0124076264967177,31941.722541622265,849.4570836608838,32812.041455478306,0.0,5,TERMINAL
94.00000000002088,30707.1379727273,15.921880074058304,680.4631236610645,1.9999627152819137,544.8156641097532,14.725064990903514,1.0122017533469203,31942.01385066754,848.9386784709442,32811.477077870804,0.0,5,TERMINAL
94.10000000002096,30639.09165389785,15.854969503958642,680.4638485771579,1.9999633119915032,544.5480908117993,14.726637493242741,1.0119993933343028,31942.300123839268,848.4265417604395,32810.92199937535,0.0,5,TERMINAL
94.20000000002103,30571.045262079017,15.789200490775295,680.4645621751905,1.9999639016049247,544.2805220012515,14.728207809584664,1.01180048647338,31942.581442118844,847.9205628385657,32810.37572884082,0.0,5,TERMINAL
94.30000000002111,30502.998798426495,15.724553558211671,680.4652647067452,1.9999644844151603,544.0129576083311,14.729775984229995,1.0116049738055277,31942.857885876303,847.4206330469231,32809.837807066906,0.0,5,TERMINAL
94.4000000000212,30434.952264070365,15.661009562275918,680.4659564089039,1.9999650606801882,543.7453975668687,14.73134206027662,1.0114127973812357,31943.129534825486,846.9266457189018,32809.307805292956,0.0,5,TERMINAL
94.50000000002127,30366.9056601165,15.598549685609976,680.4666375052507,1.999965630625801,543.4778418140622,14.732906079673453,1.0112239002426815,31943.3964679825,846.4384961399953,32808.78532371225,0.0,5,TERMINAL
94.60000000002135,30298.8589876479,15.537155431915421,680.4673082068288,1.999966194448291,543.2102902902473,14.734468083272093,1.0110382264066051,31943.65876362682,845.9560815089943,32808.26999001503,0.0,5,TERMINAL
94.70000000002143,30230.81224772596,15.476808620474552,680.4679687130456,1.9999667523169848,542.9427429386799,14.736028110876001,1.0108557208474935,31943.916499265637,845.4793009000797,32807.761457963396,0.0,5,TERMINAL
94.80000000002151,30162.76544139163,15.417491380765048,680.4686192125347,1.9999673043766535,542.6751997053298,14.737586201287668,1.0106763294810568,31944.16975160056,845.0080552257483,32807.259406000456,0.0,5,TERMINAL
94.90000000002159,30094.71856966643,15.35918614716658,680.4692598839665,1.9999678507497731,542.4076605386845,14.739142392353381,1.0104999991480001,31944.418596497722,844.5422472005968,32806.76353589621,0.0,5,TERMINAL
95.00000000002167,30026.671633553524,15.301875653757817,680.4698908968189,1.9999683915386721,542.1401253895662,14.740696721006001,1.0103266775980804,31944.663108959936,844.0817813059077,32806.27357143187,0.0,5,TERMINAL
95.10000000002175,29958.624634038584,15.245542929202307,680.4705124121,1.9999689268275374,541.8725942109567,14.742249223305578,1.0101563134744431,31944.903363101912,843.6265637550374,32805.78925712427,0.0,5,TERMINAL
95.20000000002183,29890.57757209061,15.190171291721649,680.4711245830307,1.9999694566843054,541.6050669578343,14.743799934477996,1.0099888562982389,31945.139432127842,843.1765024595849,32805.31035699158,0.0,5,TERMINAL
95.30000000002191,29822.530448662772,15.135744344154508,680.4717275556849,1.9999699811624307,541.3375435870204,14.74534888895161,1.0098242564535092,31945.371388311407,842.7315069963181,32804.83665336136,0.0,5,TERMINAL
95.40000000002199,29754.48326469306,15.082245969100022,680.4723214695916,1.999970500302545,541.070024057035,14.746896120392055,1.0096624651723367,31945.599302978102,842.2914885748357,32804.3679457217,0.0,5,TERMINAL
95.50000000002207,29686.436021104986,15.029660324144071,680.4729064582957,1.9999710141339933,540.8025083279608,14.748441661735146,1.0095034345202605,31945.82324649015,841.8563600059608,32803.9040496157,0.0,5,TERMINAL
95.60000000002215,29618.388718808164,14.977971837167113,680.4734826498852,1.9999715226762802,540.5349963613186,14.749985545218074,1.0093471173819455,31946.043288232908,841.4260356708294,32803.44479558003,0.0,5,TERMINAL
95.70000000002223,29550.341358698846,14.92716520173205,680.4740501674814,1.9999720259404015,540.2674881199486,14.751527802408916,1.0091934674471033,31946.259496604092,841.0004314906664,32802.990028127104,0.0,5,TERMINAL
95.80000000002231,29482.293941660464,14.877225372550914,680.4746091296943,1.99997252393008,539.9999835679004,14.753068464234424,1.0090424391966626,31946.471939004474,840.5794648972383,32802.53960477128,0.0,5,TERMINAL
95.90000000002239,29414.246468564008,14.828137561028866,680.4751596510466,1.99997301664291,539.7324826703325,14.754607561006319,1.0088939878891803,31946.680681830738,840.163054803949,32802.09339509843,0.0,5,TERMINAL
96.00000000002247,29346.19894026852,14.779887230884306,680.475701842367,1.9999735040714113,539.4649853934163,14.756145122446076,1.008748069547489,31946.885790469925,839.7511215775726,32801.651279878744,0.0,5,TERMINAL
96.10000000002255,29278.15135762142,14.73246009384373,680.4762358111531,1.9999739862039991,539.1974917042495,14.757681177708301,1.0086046409455829,31947.087329295715,839.3435870106038,32801.21315022198,0.0,5,TERMINAL
96.20000000002263,29210.103721458843,14.685842105410085,680.4767616619055,1.999974463025868,538.9300015707752,14.75921575540263,1.00846365959573,31947.28536166624,838.9403742942209,32800.778906774794,0.0,5,TERMINAL
96.3000000000227,29142.056032605986,14.640019460703328,680.4772794964364,1.9999749345198041,538.6625149617072,14.760748883614431,1.008325083735808,31947.479949923407,838.5414079918196,32800.34845895911,0.0,5,TERMINAL
96.40000000002279,29074.008291877355,14.594978590372008,680.4777894141523,1.9999754006669201,538.395031846462,14.762280589924242,1.0081888723168657,31947.671155393808,838.1466140131326,32799.92172425086,0.0,5,TERMINAL
96.50000000002287,29005.960500076995,14.550706156574615,680.4782915123122,1.9999758614473255,538.1275521950963,14.763810901425963,1.008054984990897,31947.85903839058,837.7559195889005,32799.49862749811,0.0,5,TERMINAL
96.60000000002294,28937.912657998742,14.507189049029494,680.4787858862634,1.9999763168407263,537.8600759782494,14.765339844744005,1.0079233820988303,31948.04365821696,837.3692532460841,32799.079100277515,0.0,5,TERMINAL
96.70000000002302,28869.864766426435,14.46441438113224,680.4792726296552,1.9999767668269657,537.5926031670908,14.766867446049295,1.0077940246587263,31948.22507317072,836.9865447836141,32798.66308028808,0.0,5,TERMINAL
96.8000000000231,28801.81682613401,14.422369486139287,680.4797518346335,1.9999772113865082,537.3251337332738,14.768393731074339,1.0076668743541821,31948.40334054969,836.6077252486449,32798.25051078124,0.0,5,TERMINAL
96.90000000002318,28733.768837885807,14.381041913416663,680.4802235920155,1.999977650500866,537.0576676488913,14.769918725127315,1.0075418935229334,31948.578516658494,836.2327269133144,32797.84134002587,0.0,5,TERMINAL
97.00000000002326,28665.720802436575,14.34041942475275,680.480687991447,1.9999780841529782,536.7902048864386,14.771442453105257,1.007419045145659,31948.750656815966,835.861483251996,32797.43552080724,0.0,5,TERMINAL
97.10000000002334,28597.67272053167,14.300489990733977,680.4811451215428,1.9999785123275402,536.522745418777,14.772964939506386,1.0072982928349765,31948.919815363486,835.4939289190227,32797.03300995853,0.0,5,TERMINAL
97.20000000002342,28529.624592907123,14.26124178718237,680.4815950700109,1.9999789350112862,536.255289219104,14.774486208441655,1.0071796008246294,31949.086045674267,835.1299997268776,32796.63376792397,0.0,5,TERMINAL
97.3000000000235,28461.57642028982,14.222663191653876,680.4820379237632,1.999979352193234,535.9878362609254,14.776006283645543,1.007062933958862,31949.24940016316,834.7696326248351,32796.237758352014,0.0,5,TERMINAL
97.40000000002358,28393.528203397495,14.184742779996446,680.4824737690125,1.999979763864894,535.7203865180303,14.777525188486171,1.006948257681977,31949.409930297057,834.4127656780424,32795.84494771755,0.0,5,TERMINAL
97.50000000002366,28325.479942938888,14.147469322966867,680.4829026913552,1.9999801700204307,535.4529399644704,14.779042945974702,1.0068355380280751,31949.567686606217,834.0593380470324,32795.455304971896,0.0,5,TERMINAL
97.60000000002374,28257.431639613766,14.1108317829053,680.483324775846,1.9999805706568095,535.1854965745406,14.780559578774216,1.00672474161097,31949.722718695637,833.7092899676521,32795.06880121918,0.0,5,TERMINAL
97.70000000002382,28189.383294113024,14.074819310466596,680.4837401070577,1.999980965773895,534.918056322763,14.782075109207913,1.006615835614278,31949.875075257274,833.3625627314007,32794.68540941809,0.0,5,TERMINAL
97.8000000000239,28121.334907118704,14.039421241407343,680.4841487691333,1.999981355374532,534.6506191838736,14.783589559266836,1.0065087877816818,31950.024804082583,833.0190986661692,32794.3051041076,0.0,5,TERMINAL
97.90000000002398,28053.28647930408,14.004627093427779,680.4845508458309,1.9999817394646042,534.3831851328096,14.785102950617183,1.006403566407356,31950.171952075227,832.6788411173549,32793.9278611556,0.0,5,TERMINAL
98.00000000002406,27985.23801133372,13.970426563067576,680.4849464205541,1.999982118053054,534.1157541447,14.786615304606897,1.0063001403265617,31950.31656526441,832.3417344293723,32793.55365752919,0.0,5,TERMINAL
98.10000000002414,27917.18950386349,13.936809522654587,680.4853355763827,1.999982491151899,533.8483261948575,14.788126642272152,1.0061984789064038,31950.458688818195,832.0077239275195,32793.18247108564,0.0,5,TERMINAL
98.20000000002422,27849.14095754063,13.90376601730565,680.4857183960906,1.9999828587762212,533.5809012587725,14.78963698434326,1.0060985520367427,31950.598367057253,831.6767559002034,32792.81428038249,0.0,5,TERMINAL
98.3000000000243,27781.092373003805,13.871286261978584,680.4860949621607,1.999983220944139,533.3134793121076,14.791146351250207,1.0060003301212668,31950.735643468463,831.3487775815269,32792.44906450623,0.0,5,TERMINAL
98.40000000002438,27713.04375088308,13.839360638574481,680.486465356792,1.999983577676763,533.0460603306941,14.792654763127947,1.005903784068717,31950.870560719264,831.0237371342082,32792.08680291803,0.0,5,TERMINAL
98.50000000002446,27644.99509180007,13.80797969308943,680.4868296619027,1.999983928998141,532.7786442905298,14.794162239821278,1.0058088852842613,31951.003160671433,830.7015836328404,32791.72747531584,0.0,5,TERMINAL
98.60000000002454,27576.946396367835,13.777134132814846,680.4871879591299,1.99998427493519,532.511231167777,14.795668800889581,1.0057156056610168,31951.13348439538,830.382267047471,32791.37106151156,0.0,5,TERMINAL
98.70000000002462,27508.897665191056,13.746814823585563,680.4875403298231,1.9999846155176175,532.2438209387635,14.79717446561113,1.0056239175717192,31951.261572184223,830.0657382275085,32791.017541322515,0.0,5,TERMINAL
98.8000000000247,27440.848898865996,13.717012787074893,680.4878868550362,1.999984950777834,531.9764135799813,14.798679252987332,1.005533793860535,31951.387463568095,829.7519488859308,32790.66689447606,0.0,5,TERMINAL
98.90000000002478,27372.80009798056,13.68771919813582,680.4882276155148,1.9999852807508545,531.7090090680888,14.80018318174662,1.0054452078350107,31951.511197328287,829.4408515838008,32790.319100526795,0.0,5,TERMINAL
99.00000000002485,27304.751263114325,13.658925382187563,680.4885626916816,1.9999856054741965,531.4416073799118,14.801686270348188,1.0053581332581651,31951.632811511357,829.1323997150868,32789.97413878515,0.0,5,TERMINAL
99.10000000002493,27236.70239483859,13.630622812646745,680.4888921636202,1.9999859249877732,531.1742084924462,14.803188536985655,1.0052725443407113,31951.7523434433,828.8265474917515,32789.631988256704,0.0,5,TERMINAL
99.20000000002501,27168.653493716447,13.602803108402354,680.4892161110562,1.9999862393337804,530.9068123828607,14.804689999590412,1.0051884157334194,31951.869829743344,828.523249929151,32789.29262759129,0.0,5,TERMINAL
99.3000000000251,27100.604560302774,13.575458031333831,680.4895346133362,1.9999865485565782,530.6394190285,14.806190675834904,1.0051057225196014,31951.985306338025,828.2224628316887,32788.95603504139,0.0,5,TERMINAL
99.40000000002517,27032.555595144302,13.54857948387147,680.4898477494074,1.9999868527025728,530.3720284068881,14.80769058313581,1.0050244402077302,31952.09880847485,827.9241427787499,32788.622188428686,0.0,5,TERMINAL
99.50000000002525,26964.50659877969,13.522159506598452,680.4901555977948,1.9999871518200976,530.1046404957317,14.80918973865709,1.004944544724185,31952.21037073588,827.6282471108984,32788.291065118494,0.0,5,TERMINAL
99.60000000002533,26896.457571739564,13.496190275893802,680.4904582365772,1.9999874459592872,529.8372552729242,14.810688159312864,1.0048660124061166,31952.32002705125,827.3347339163331,32787.9626420011,0.0,5,TERMINAL
99.70000000002541,26828.408514546543,13.47066410161554,680.4907557433646,1.9999877351719577,529.5698727165493,14.812185861770326,1.00478881999444,31952.42781071243,827.0435620175938,32787.63689547963,0.0,5,TERMINAL
99.80000000002549,26760.359427715317,13.445573424823372,680.4910481952742,1.999988019511484,529.302492804886,14.813682862452467,1.0047129446269414,31952.53375438525,826.7546909585192,32787.313801463526,0.0,5,TERMINAL
99.90000000002557,26692.31031175269,13.42091081554024,680.4913356689051,1.9999882990326756,529.0351155164112,14.815179177540784,1.0046383638315086,31952.637890123027,826.468080991443,32786.993335367515,0.0,5,TERMINAL
100.00000000002565,26624.261167157667,13.396668970552057,680.4916182403161,1.999988573791658,528.7677408298049,14.816674822977946,1.004565055519472,31952.740249379087,826.1836930646293,32786.67547211517,0.0,5,TERMINAL
100.10000000002573,26556.211994421486,13.37284071124498,680.4918959850015,1.9999888438457545,528.5003687239536,14.818169814470357,1.004492997979063,31952.84086301935,825.9014888099365,32786.360186146645,0.0,5,TERMINAL
100.20000000002581,26488.162794027696,13.349418981479586,680.4921689778675,1.9999891092533675,528.2329991779546,14.819664167490703,1.0044221698689813,31952.939761334597,825.6214305307121,32786.047451430255,0.0,5,TERMINAL
100.30000000002589,26420.11356645223,13.326396845501312,680.4924372932103,1.9999893700738658,527.9656321711191,14.821157897280495,1.004352550212075,31953.036974052593,825.3434811899067,32785.737241477385,0.0,5,TERMINAL
100.40000000002597,26352.064312163457,13.303767485886556,680.4927010046931,1.9999896263674706,527.6982676829763,14.822651018852484,1.0042841183891256,31953.132530349965,825.0676043984062,32785.42952936016,0.0,5,TERMINAL
100.50000000002605,26284.015031622264,13.281524201523814,680.4929601853269,1.9999898781951515,527.4309056932773,14.824143546993216,1.0042168541327416,31953.226458863683,824.7937644035751,32785.12428773179,0.0,5,TERMINAL
100.60000000002613,26215.965725282113,13.259660405629244,680.4932149074468,1.999990125618513,527.1635461819976,14.825635496265306,1.004150737521356,31953.318787702694,824.5219260780184,32784.82148884895,0.0,5,TERMINAL
100.70000000002621,26147.916393589127,13.238169623796129,680.4934652426961,1.9999903686997018,526.8961891293405,14.827126881010026,1.0040857489733237,31953.40954445882,824.2520549085276,32784.52110459615,0.0,5,TERMINAL
100.80000000002629,26079.867036982192,13.217045492077574,680.4937112620047,1.9999906075013008,526.6288345157406,14.828617715349566,1.004021869241123,31953.498756217905,823.9841169852502,32784.22310651141,0.0,5,TERMINAL
100.90000000002637,26011.817655892948,13.19628175510194,680.4939530355741,1.9999908420862393,526.3614823218659,14.830108013189518,1.0039590794056534,31953.58644957039,823.7180789910358,32783.92746581333,0.0,5,TERMINAL
101.00000000002645,25943.768250745954,13.175872264220425,680.494190632859,1.9999910725177,526.0941325286196,14.8315977882212,1.003897360870634,31953.672650621764,823.4539081909891,32783.63415342906,0.0,5,TERMINAL
101.10000000002653,25875.718821958755,13.155810975686252,680.4944241225531,1.9999912988590312,525.8267851171446,14.83308705392407,1.003836695357093,31953.757385002933,823.1915724222018,32783.34314002304,0.0,5,TERMINAL
101.2000000000266,25807.669369941912,13.136091948864923,680.4946535725737,1.999991521173665,525.5594400688228,14.834575823568068,1.003777064897955,31953.840677880053,822.9310400836745,32783.05439602612,0.0,5,TERMINAL
101.30000000002669,25739.61989509914,13.11670934447499,680.4948790500498,1.9999917395250388,525.292097365279,14.836064110216038,1.003718451832719,31953.922553964356,822.6722801264169,32782.76789166516,0.0,5,TERMINAL
101.40000000002676,25671.570397827374,13.09765742285887,680.4951006213093,1.99999195397652,525.0247569883811,14.837551926726048,1.003660838802227,31954.00303752166,822.4152620437258,32782.483596992606,0.0,5,TERMINAL
101.50000000002684,25603.520878516807,13.078930542283144,680.4953183518675,1.9999921645913312,524.7574189202422,14.839039285753776,1.0036042087435235,31954.082152381794,822.1599558616426,32782.20148191613,0.0,5,TERMINAL
101.60000000002692,25535.471337551084,13.060523157267863,680.495532306419,1.9999923714324908,524.4900831432211,14.84052619975494,1.0035485448848005,31954.159921947467,821.9063321295707,32781.92151622794,0.0,5,TERMINAL
101.700000000027,25467.421775307288,13.042429816944342,680.4957425488273,1.9999925745627418,524.2227496399234,14.842012680987587,1.0034938307404302,31954.23636920331,821.6543619110736,32781.64366963385,0.0,5,TERMINAL
101.80000000002708,25399.372192156035,13.024645163441003,680.4959491421175,1.9999927740444956,523.955418393202,14.843498741514523,1.0034400501060814,31954.311516724523,821.404016774826,32781.367911781825,0.0,5,TERMINAL
101.90000000002716,25331.322588461648,13.007163930296715,680.4961521484712,1.9999929699397798,523.6880893861577,14.844984393205706,1.0033871870539204,31954.385386685128,821.1552687857334,32781.094212290096,0.0,5,TERMINAL
102.00000000002724,25263.27296458214,12.989980940901251,680.4963516292191,1.9999931623101803,523.4207626021384,14.846469647740593,1.0033352259278934,31954.45800086643,820.9080904962062,32780.822540774374,0.0,5,TERMINAL
102.10000000002732,25195.223320869343,12.973091106962322,680.4965476448382,1.9999933512167998,523.153438024741,14.84795451661055,1.0032841513390882,31954.529380664753,820.6624549375933,32780.55286687451,0.0,5,TERMINAL
102.2000000000274,25127.17365766903,12.95648942699876,680.4967402549473,1.9999935367202069,522.8861156378086,14.84943901112123,1.0032339481611767,31954.599547099606,820.4183356117603,32780.285160280284,0.0,5,TERMINAL
102.30000000002748,25059.123975320952,12.940170984859442,680.4969295183047,1.999993718880398,522.6187954254316,14.850923142394924,1.003184601525935,31954.668520820956,820.17570648283,32780.01939075637,0.0,5,TERMINAL
102.40000000002756,24991.074274158964,12.924130948267454,680.4971154928077,1.9999938977567617,522.3514773719464,14.852406921373035,1.0031360968188376,31954.73632211689,819.9345419690541,32779.755528166286,0.0,5,TERMINAL
102.50000000002764,24923.02455451111,12.908364567389109,680.4972982354909,1.999994073408041,522.0841614619349,14.853890358818374,1.0030884196747305,31954.8029709207,819.6948169348415,32779.49354249534,0.0,5,TERMINAL
102.60000000002772,24854.974816699672,12.892867173427362,680.4974778025272,1.9999942458923032,521.8168476802228,14.855373465317596,1.0030415559735735,31954.868486818053,819.4565066829193,32779.23340387272,0.0,5,TERMINAL
102.7000000000278,24786.925061041293,12.87763417723925,680.4976542492286,1.9999944152669125,521.5495360118788,14.856856251283553,1.0029954918362602,31954.932889053733,819.2195869466432,32778.97508259253,0.0,5,TERMINAL
102.80000000002788,24718.87528784707,12.86266106797689,680.4978276300487,1.9999945815885034,521.2822264422133,14.858338726957706,1.0029502136205066,31954.996196538465,818.984033882431,32778.7185491336,0.0,5,TERMINAL
102.90000000002796,24650.82549742266,12.847943411751686,680.4979979985844,1.9999947449129578,521.0149189567765,14.859820902412448,1.0029057079168082,31955.05842785541,818.7498240623437,32778.46377417846,0.0,5,TERMINAL
103.00000000002804,24582.775690068287,12.833476850321325,680.4981654075805,1.9999949052953867,520.7476135413564,14.861302787553505,1.0028619615444703,31955.119601266437,818.516934466785,32778.21072863109,0.0,5,TERMINAL
103.10000000002812,24514.72586607891,12.819257099799149,680.4983299089332,1.9999950627901124,520.4803101819772,14.862784392122313,1.0028189615477014,31955.179734718433,818.2853424773383,32777.95938363372,0.0,5,TERMINAL
103.2000000000282,24446.67602574428,12.805279949385584,680.4984915536953,1.999995217450653,520.2130088648979,14.864265725698335,1.0027766951917776,31955.238845849286,818.055025869728,32777.70971058246,0.0,5,TERMINAL
103.30000000002828,24378.626169349038,12.791541260121196,680.4986503920813,1.999995369329709,519.9457095766088,14.865746797701421,1.0027351499592685,31955.2969519938,817.8259628069056,32777.46168114193,0.0,5,TERMINAL
103.40000000002836,24310.576297172767,12.778036963661004,680.4988064734737,1.9999955184791554,519.6784123038306,14.86722761739415,1.0026943135463307,31955.354070189478,817.5981318322573,32777.21526725884,0.0,5,TERMINAL
103.50000000002844,24242.52640949012,12.764763061069722,680.4989598464289,1.9999956649500303,519.4111170335115,14.868708193884128,1.0026541738590624,31955.410217181998,817.3715118629328,32776.97044117458,0.0,5,TERMINAL
103.60000000002852,24174.476506570907,12.751715621637576,680.4991105586853,1.9999958087925307,519.1438237528245,14.870188536126344,1.0026147190099213,31955.465409430875,817.1460821832894,32776.7271754367,0.0,5,TERMINAL
103.7000000000286,24106.426588680144,12.738890781716284,680.4992586571702,1.9999959500560083,518.8765324491653,14.871668652925438,1.0025759373142031,31955.51966311456,816.9218224384548,32776.485442909485,0.0,5,TERMINAL
103.80000000002867,24038.376656078064,12.726284743574917,680.4994041880077,1.9999960887889636,518.6092431101491,14.873148552937984,1.0025378172865809,31955.572994135848,816.6987126280026,32776.24521678356,0.0,5,TERMINAL
103.90000000002875,23970.326709020417,12.713893774275284,680.499547196527,1.9999962250390477,518.3419557236085,14.87462824467478,1.0025003476377012,31955.625418126856,816.4767330997375,32776.00647058454,0.0,5,TERMINAL
104.00000000002883,23902.276747758326,12.701714204566494,680.4996877272715,1.9999963588530614,518.0746702775904,14.876107736503085,1.0024635172708423,31955.676950453937,816.2558645435953,32775.76917818078,0.0,5,TERMINAL
104.10000000002891,23834.22677253846,12.68974242779838,680.4998258240081,1.9999964902769578,517.8073867603534,14.877587036648883,1.0024273152786252,31955.72760622259,816.0360879856433,32775.53331379024,0.0,5,TERMINAL
104.200000000029,23766.17678360321,12.677974898853488,680.4999615297351,1.9999966193558425,517.5401051603646,14.879066153199057,1.0023917309397832,31955.777400282164,815.8173847821924,32775.29885198649,0.0,5,TERMINAL
104.30000000002907,23698.126781190527,12.666408133097232,680.5000948866928,1.9999967461339796,517.2728254662971,14.880545094103608,1.0023567537159865,31955.826347230464,815.5997366140135,32775.065767703985,0.0,5,TERMINAL
104.40000000002915,23630.07676553422,12.655038705345998,680.5002259363742,1.9999968706547995,517.0055476670266,14.882023867177898,1.00232237324872,31955.87446141825,815.3831254806483,32774.83403624241,0.0,5,TERMINAL
104.50000000002923,23562.026736863903,12.643863248852881,680.5003547195337,1.9999969929609003,516.7382717516286,14.883502480104719,1.0022885793562146,31955.92175695365,815.1675336948292,32774.603633270424,0.0,5,TERMINAL
104.60000000002931,23493.97669540516,12.63287845431065,680.5004812761981,1.999997113094061,516.4709977093754,14.884980940436519,1.0022553620304326,31955.968247706332,814.952943876994,32774.37453482851,0.0,5,TERMINAL
104.70000000002939,23425.926641379512,12.622081068871797,680.5006056456766,1.9999972310952434,516.2037255297331,14.886459255597442,1.0022227114341014,31956.01394731195,814.7393389498973,32774.14671733131,0.0,5,TERMINAL
104.80000000002947,23357.876575004673,12.611467895185262,680.5007278665712,1.9999973470046042,515.9364552023584,14.887937432885492,1.0021906178977993,31956.05886917611,814.5267021333165,32773.92015756929,0.0,5,TERMINAL
104.90000000002955,23289.82649649438,12.601035790449618,680.5008479767876,1.9999974608615032,515.6691867170956,14.889415479474552,1.002159071917094,31956.103026478428,814.3150169388549,32773.69483270972,0.0,5,TERMINAL
105.00000000002963,23221.77640605862,12.590781665482384,680.5009660135465,1.9999975727045174,515.4019200639739,14.890893402416516,1.0021280641497243,31956.146432176363,814.104267164829,32773.470720297155,0.0,5,TERMINAL
105.10000000002971,23153.72630390369,12.580702483805245,680.5010820133936,1.9999976825714465,515.1346552332033,14.892371208643228,1.002097585412834,31956.18909900921,813.8944368912535,32773.247798253156,0.0,5,TERMINAL
105.20000000002979,23085.676190232174,12.570795260744854,680.5011960122108,1.9999977904993282,514.8673922151726,14.893848904968577,1.00206762668025,31956.2310395018,813.6855104749076,32773.026044875776,0.0,5,TERMINAL
105.30000000002987,23017.62606524321,12.561057062549,680.5013080452271,1.999997896524448,514.6001310004457,14.895326498090393,1.0020381790798123,31956.272265968146,813.4774725445005,32772.80543883845,0.0,5,TERMINAL
105.40000000002995,22949.575929132217,12.551485005517831,680.5014181470289,1.99999800068235,514.3328715797592,14.89680399459244,1.0020092338907425,31956.312790515196,813.2703079959069,32772.58595918837,0.0,5,TERMINAL
105.50000000003003,22881.52578209134,12.54207625514991,680.5015263515717,1.9999981030078524,514.0656139440187,14.89828140094637,1.001980782541062,31956.35262504616,813.064001987496,32772.36758534455,0.0,5,TERMINAL
105.60000000003011,22813.475624309227,12.532828025302852,680.5016326921905,1.9999982035350579,513.7983580842957,14.899758723513589,1.001952816605052,31956.3917812642,812.858539935539,32772.150297095395,0.0,5,TERMINAL
105.70000000003019,22745.425455971257,12.523737577368255,680.5017372016109,1.9999983022973677,513.5311039918254,14.90123596854717,1.0019253278007594,31956.430270675675,812.6539075097031,32771.93407459589,0.0,5,TERMINAL
105.80000000003027,22677.37527725949,12.514802219460744,680.5018399119597,1.9999983993274941,513.2638516580025,14.90271314219368,1.0018983079875419,31956.46810459352,812.4500906286163,32771.718898364685,0.0,5,TERMINAL
105.90000000003035,22609.32508835288,12.506019305620814,680.5019408547756,1.9999984946574747,512.9966010743799,14.904190250495036,1.0018717491636568,31956.505294140436,812.2470754555177,32771.50474928052,0.0,5,TERMINAL
106.00000000003043,22541.27488942709,12.497386235031287,680.5020400610194,1.9999985883186824,512.7293522326642,14.905667299390258,1.0018456434638916,31956.54185025227,812.0448483939808,32771.29160857863,0.0,5,TERMINAL
106.1000000000305,22473.22468065485,12.488900451247158,680.5021375610858,1.9999986803418432,512.4621051247136,14.907144294717313,1.0018199831572339,31956.577783680994,811.8433960837147,32771.07945784683,0.0,5,TERMINAL
106.20000000003058,22405.17446220573,12.480559441438544,680.5022333848118,1.9999987707570455,512.1948597425353,14.908621242214789,1.0017947606445812,31956.613104997872,811.6427053964363,32770.868279021335,0.0,5,TERMINAL
106.30000000003066,22337.124234246396,12.472360735646575,680.5023275614899,1.9999988595937586,511.9276160782818,14.910098147523708,1.0017699684564898,31956.647824596344,811.4427634318158,32770.658054382344,0.0,5,TERMINAL
106.40000000003074,22269.073996940584,12.464301906051977,680.5024201198753,1.9999989468808392,511.66037412424856,14.911575016189135,1.001745599250963,31956.681952695213,811.2435575134962,32770.44876654951,0.0,5,TERMINAL
106.50000000003082,22201.023750449152,12.456380566256128,680.5025110881979,1.9999990326465493,511.3931338728716,14.913051853661884,1.0017216458112754,31956.71549934141,811.0450751851832,32770.24039847726,0.0,5,TERMINAL
106.6000000000309,22132.973494930164,12.448594370574373,680.5026004941719,1.9999991169185696,511.12589531672455,14.914528665300178,1.0016981010438362,31956.748474412827,810.8473042067975,32770.03293344986,0.0,5,TERMINAL
106.70000000003098,22064.923230538858,12.440941013341423,680.5026883650056,1.9999991997240099,510.8586584485156,14.91600545637126,1.0016749579760873,31956.780887621248,810.6502325507023,32769.826355076395,0.0,5,TERMINAL
106.80000000003106,21996.872957427855,12.433418228228568,680.5027747274105,1.9999992810894223,510.59142326108537,14.917482232052954,1.0016522097544391,31956.81274851506,810.4538483979957,32769.62064728573,0.0,5,TERMINAL
106.90000000003114,21928.822675746997,12.42602378757257,680.5028596076121,1.9999993610408175,510.3241897474041,14.918958997435267,1.0016298496422387,31956.844066481844,810.2581401348646,32769.41579432131,0.0,5,TERMINAL
107.00000000003122,21860.77238564368,12.418755501715987,680.502943031358,1.9999994396036722,510.0569579005693,14.920435757521906,1.001607871017776,31956.874850751235,810.0630963490073,32769.21178073579,0.0,5,TERMINAL
107.1000000000313,21792.722087262577,12.411611218358766,680.5030250239282,1.9999995168029447,509.7897277138026,14.921912517231824,1.001586267372322,31956.905110397434,809.8687058261157,32769.0085913859,0.0,5,TERMINAL
107.20000000003138,21724.67178074592,12.404588821920882,680.5031056101441,1.9999995926630882,509.52249918044873,14.923389281400672,1.0015650323082006,31956.93485434171,809.6749575464223,32768.8062114268,0.0,5,TERMINAL
107.30000000003146,21656.62146623341,12.397686232915866,680.5031848143765,1.9999996672080587,509.25527229397136,14.924866054782283,1.0015441595368935,31956.9640913551,809.481840681305,32768.60462630689,0.0,5,TERMINAL
107.40000000003154,21588.5711438624,12.390901407335015,680.5032626605555,1.9999997404613301,508.9880470479516,14.926342842050108,1.0015236428771785,31956.99283006073,809.2893445899562,32768.40382176229,0.0,5,TERMINAL
107.50000000003162,21520.5208137678,12.384232336042109,680.5033391721788,1.9999998124459044,508.72082343608616,14.927819647798623,1.0015034762532973,31957.021078936392,809.0974588161038,32768.203783811405,0.0,5,TERMINAL
107.6000000000317,21452.470476082235,12.377677044178443,680.5034143723201,1.9999998831843246,508.45360145218405,14.929296476544742,1.0014836536931573,31957.048846316753,808.9061730847972,32768.00449874952,0.0,5,TERMINAL
107.70000000003178,21384.42013093595,12.37123359057804,680.5034882836372,1.9999999526986822,508.1863810901651,14.930773332729142,1.0014641693265611,31957.07614039603,808.7154772992441,32767.805953143372,0.0,5,TERMINAL
107.80000000003186,21316.369778457098,12.364900067192815,680.5035609240764,2.000000020997981,507.91916234404465,14.932250220528807,1.0014450173834675,31957.103999627645,808.525361547924,32767.60814559455,0.0,5,TERMINAL
107.90000000003194,21248.31941877563,12.35867459852793,680.5036322352743,2.000000087867699,507.65194520700896,14.933727140720512,1.0014261921918968,31957.133657767,808.3358162704708,32767.41128615971,0.0,5,TERMINAL
108.00000000003202,21180.269052025615,12.35255534108654,680.503702218866,2.00000015327038,507.38472967090235,14.935204096666094,1.0014076881762557,31957.162801690054,808.1468319304382,32767.215428223306,0.0,5,TERMINAL
108.1000000000321,21112.21867833828,12.34654048282317,680.503770908794,2.000000217264242,507.11751572771755,14.93668109309091,1.0013894998566282,31957.19144100844,807.958399080704,32767.020535803287,0.0,5,TERMINAL
108.20000000003218,21044.16829784155,12.340628242607075,680.5038383377139,2.0000002799044303,506.8503033697348,14.938158134609829,1.001371621846973,31957.219585117284,807.770508440231,32766.826574190276,0.0,5,TERMINAL
108.30000000003226,20976.117910660076,12.334816869694816,680.5039045370435,2.0000003412431466,506.5830925895121,14.939635225730283,1.0013540488533188,31957.247243200818,807.5831508907819,32766.633509936433,0.0,5,TERMINAL
108.40000000003234,20908.06751691547,12.329104643211878,680.5039695370089,2.0000004013297774,506.3158833798746,14.941112370855222,1.0013367756720681,31957.274424237832,807.3963174738211,32766.44131084074,0.0,5,TERMINAL
108.50000000003241,20840.01711672639,12.323489871643115,680.5040333666924,2.0000004602110186,506.0486757339046,14.942589574286119,1.0013197971883876,31957.301137007333,807.2099993875541,32766.24994593113,0.0,5,TERMINAL
108.6000000000325,20771.966710208624,12.317970892331912,680.5040960540757,2.0000005179309945,505.7814696449317,14.944066840225712,1.0013031083746575,31957.32739009356,807.0241879840876,32766.05938544386,0.0,5,TERMINAL
108.70000000003257,20703.91629747518,12.312546070987857,680.5041576260872,2.000000574531382,505.514265106523,14.945544172781007,1.0012867042889715,31957.35319189155,806.8388747666576,32765.869600800514,0.0,5,TERMINAL
108.80000000003265,20635.86587863644,12.30721380120282,680.5042181086443,2.000000630051528,505.24706211247326,14.947021575965946,1.001270580073675,31957.378550612088,806.6540513869428,32765.680564582806,0.0,5,TERMINAL
108.90000000003273,20567.81545380024,12.30197250397528,680.5042775266963,2.0000006845285614,504.97986065679595,14.948499053704163,1.001254730953935,31957.403474286843,806.4697096424279,32765.49225050571,0.0,5,TERMINAL
109.00000000003281,20499.765023071945,12.29682062724277,680.5043359042677,2.00000073799751,504.7126607337142,14.949976609831689,1.001239152236338,31957.42797077333,806.2858414738231,32765.304633388972,0.0,5,TERMINAL
109.10000000003289,20431.714586554604,12.291756645422266,680.5043932644965,2.0000007904914052,504.4454623376514,14.951454248099465,1.0012238393075095,31957.45204775961,806.1024389625295,32765.117689127328,0.0,5,TERMINAL
109.20000000003297,20363.66414434895,12.286779058958446,680.5044496296754,2.0000008420413886,504.178265463223,14.95293197217595,1.0012087876327593,31957.475712769094,805.9194943281435,32764.93139465978,0.0,5,TERMINAL
109.30000000003305,20295.613696553526,12.281886393879637,680.5045050212892,2.0000008926768147,503.9110701052281,14.95440978564954,1.001193992754749,31957.49897316508,805.7369999260169,32764.745727937945,0.0,5,TERMINAL
109.40000000003313,20227.563243264754,12.277077201361324,680.5045594600523,2.0000009424253506,503.64387625864117,14.955887692030986,1.0011794502921767,31957.521836155203,805.5549482448438,32764.560667893922,0.0,5,TERMINAL
109.50000000003321,20159.512784577062,12.272350057297137,680.5046129659435,2.000000991313067,503.3766839186044,14.957365694755712,1.0011651559384858,31957.54430879577,805.3733319042988,32764.37619440758,0.0,5,TERMINAL
109.60000000003329,20091.462320582883,12.267703561877124,680.5046655582418,2.000001039364536,503.10949308041967,14.958843797186091,1.0011511054605935,31957.566397996008,805.1921436527099,32764.19228827366,0.0,5,TERMINAL
109.70000000003337,20023.411851372744,12.263136339173244,680.5047172555585,2.000001086602915,502.8423037395418,14.960322002613632,1.0011372946976398,31957.5881105221,805.0113763647772,32764.00893116877,0.0,5,TERMINAL
109.80000000003345,19955.361377035326,12.2586470367319,680.5047680758703,2.000001133050034,502.5751158915714,14.961800314261117,1.0011237195597575,31957.60945300123,804.8310230393272,32763.82610561828,0.0,5,TERMINAL
109.90000000003353,19887.31089765756,12.254234325173464,680.5048180365487,2.000001178726471,502.3079295322477,14.963278735284629,1.0011103760268618,31957.63043192535,804.6510767971114,32763.643794963515,0.0,5,TERMINAL
110.00000000003361,19819.260413324693,12.249896897798594,680.5048671543905,2.000001223651639,502.04074465744236,14.964757268775573,1.0010972601474606,31957.65105365495,804.4715308786401,32763.46198332911,0.0,5,TERMINAL
110.10000000003369,19751.209924120252,12.2456334702013,680.5049154456456,2.0000012678438517,501.7735612631533,14.966235917762598,1.001084368037484,31957.6713244227,804.2923786420589,32763.280655590774,0.0,5,TERMINAL
110.20000000003377,19683.159430126223,12.241442779888594,680.5049629260444,2.0000013113204,501.50637934549843,14.967714685213457,1.0010716958791337,31957.691250336902,804.113613561059,32763.099797343417,0.0,5,TERMINAL
110.30000000003385,19615.108931423005,12.237323585906633,680.5050096108234,2.0000013540976154,501.2391989007101,14.9691935740368,1.0010592399197535,31957.710837384915,803.9352292228322,32762.919394869856,0.0,5,TERMINAL
110.40000000003393,19547.058428089542,12.233274668473243,680.5050555147494,2.0000013961909358,500.97201992512964,14.970672587083884,1.0010469964707167,31957.730091436366,803.7572193260594,32762.739435110183,0.0,5,TERMINAL
110.500000000034,19479.00792020322,12.22929482861671,680.5051006521443,2.0000014376149675,500.7048424152021,14.9721517271503,1.0010349619063328,31957.749018246373,803.579577678934,32762.559905631642,0.0,5,TERMINAL
110.60000000003409,19410.957407840106,12.22538288782073,680.5051450369061,2.000001478383541,500.43766636747125,14.973630996977528,1.0010231326627748,31957.76762345858,803.4022981972265,32762.380794599278,0.0,5,TERMINAL
110.70000000003417,19342.90689107486,12.221537687675431,680.505188682531,2.000001518509765,500.1704917785747,14.975110399254511,1.0010115052370212,31957.785912608073,803.2253749023802,32762.20209074744,0.0,5,TERMINAL
110.80000000003425,19274.856369980815,12.217758089534332,680.5052316021333,2.0000015580060815,499.90331864523984,14.976589936619153,1.0010000761858224,31957.80389112427,803.0488019196481,32762.023783351877,0.0,5,TERMINAL
110.90000000003432,19206.805844629984,12.214042974177165,680.505273808465,2.00000159688431,499.63614696427885,14.978069611659748,1.0009888421246753,31957.821564333637,802.8725734762538,32761.845862202805,0.0,5,TERMINAL
111.0000000000344,19138.755315093164,12.21039124147844,680.5053153139335,2.0000016351556975,499.36897673258517,14.979549426916371,1.0009777997268257,31957.838937462366,802.6966838995969,32761.668317578784,0.0,5,TERMINAL
111.10000000003448,19070.70478143987,12.206801810081693,680.5053561306196,2.0000016728309604,499.1018079471296,14.981029384882207,1.000966945722278,31957.85601563892,802.5211276154832,32761.491140221402,0.0,5,TERMINAL
111.20000000003456,19002.654243738492,12.203273617079237,680.5053962702935,2.000001709920325,498.83464060495635,14.982509488004856,1.000956276896831,31957.87280389654,802.3458991463931,32761.314321310863,0.0,5,TERMINAL
111.30000000003464,18934.603702056193,12.199805617697429,680.5054357444296,2.0000017464335635,498.5674747031795,14.983989738687502,1.0009457900911238,31957.889307175505,802.1709931097815,32761.137852442458,0.0,5,TERMINAL
111.40000000003472,18866.55315645902,12.196396784987293,680.5054745642221,2.0000017823800342,498.30031023898044,14.98547013929015,1.0009354821996987,31957.90553032557,801.9964042164011,32760.961725603967,0.0,5,TERMINAL
111.5000000000348,18798.502607011935,12.193046109520406,680.5055127405975,2.0000018177687098,498.03314720960367,14.98695069213072,1.0009253501700832,31957.921478108034,801.8221272686693,32760.785933153944,0.0,5,TERMINAL
111.60000000003488,18730.45205377879,12.18975259908998,680.5055502842297,2.0000018526082153,497.7659856123548,14.988431399486236,1.0009153910018853,31957.937155198084,801.6481571590487,32760.610467800765,0.0,5,TERMINAL
111.70000000003496,18662.40149682235,12.186515278417057,680.5055872055495,2.00000188690685,497.4988254445974,14.989912263593734,1.0009056017459053,31957.95256618659,801.4744888684779,32760.435322582674,0.0,5,TERMINAL
111.80000000003504,18594.350936204428,12.1833331888617,680.5056235147579,2.0000019206726174,497.2316667037502,14.991393286651363,1.0008959795032608,31957.967715582236,801.3011174648104,32760.260490848737,0.0,5,TERMINAL
111.90000000003512,18526.300371985766,12.180205388139116,680.5056592218365,2.000001953913254,496.9645093872852,14.99287447081936,1.0008865214245293,31957.982607813476,801.128038101293,32760.085966240513,0.0,5,TERMINAL
112.0000000000352,18458.249804226114,12.177130950040619,680.5056943365573,2.000001986636246,496.6973534927247,14.994355818220935,1.0008772247089044,31957.997247230247,800.9552460150734,32759.911742674685,0.0,5,TERMINAL
112.10000000003528,18390.199232984305,12.17410896415937,680.5057288684916,2.000002018848854,496.43019901763984,14.995837330943141,1.000868086603365,31958.01163810576,800.7827365257294,32759.73781432649,0.0,5,TERMINAL
112.20000000003536,18322.14865831817,12.17113853562078,680.5057628270206,2.0000020505581344,496.1630459596477,14.997319011037858,1.0008591044018613,31958.025784638365,800.6105050338232,32759.564175613974,0.0,5,TERMINAL
112.30000000003544,18254.09808028463,12.168218784817519,680.5057962213426,2.0000020817709574,495.8958943164103,14.9988008605225,1.0008502754445125,31958.039690953057,800.4385470194909,32759.390821182937,0.0,5,TERMINAL
112.40000000003552,18186.047498939704,12.165348847149026,680.5058290604803,2.00000211249402,495.6287440856321,15.000282881380853,1.0008415971168187,31958.05336110311,800.266858041049,32759.21774589275,0.0,5,TERMINAL
112.5000000000356,18117.996914338422,12.162527872765512,680.5058613532893,2.0000021427338672,495.3615952650587,15.00176507556384,1.0008330668488883,31958.066799071636,800.0954337336315,32759.04494480297,0.0,5,TERMINAL
112.60000000003568,18049.946326535093,12.159755026316276,680.5058931084633,2.0000021724968997,495.0944478524752,15.003247444990238,1.0008246821146736,31958.080008773017,799.9242698078473,32758.87241316056,0.0,5,TERMINAL
112.70000000003576,17981.895735583093,12.157029486702344,680.5059243345422,2.0000022017893935,494.82730184570454,15.004729991547423,1.0008164404312272,31958.09299405446,799.7533620484661,32758.700146387902,0.0,5,TERMINAL
112.80000000003584,17913.845141534883,12.154350446833329,680.5059550399166,2.0000022306175067,494.56015724260635,15.006212717092001,1.0008083393579619,31958.10575869724,799.5827063131234,32758.528140071416,0.0,5,TERMINAL
112.90000000003592,17845.79454444218,12.151717113388425,680.5059852328341,2.000002258987293,494.2930140410754,15.007695623450525,1.0008003764959315,31958.11830641817,799.412298531052,32758.3563899509,0.0,5,TERMINAL
113.000000000036,17777.743944355854,12.149128706581497,680.5060149214039,2.000002286904709,494.02587223904084,15.009178712420061,1.0007925494871186,31958.13064087082,799.2421347018377,32758.184891909506,0.0,5,TERMINAL
113.10000000003608,17709.693341325954,12.146584459930162,680.5060441136017,2.0000023143756245,493.75873183446464,15.010661985768838,1.000784856013736,31958.142765646786,799.0722108941907,32758.013641964277,0.0,5,TERMINAL
113.20000000003616,17641.642735401765,12.144083620028812,680.5060728172743,2.0000023414058306,493.49159282534066,15.012145445236824,1.0007772937975414,31958.15468427693,798.9025232447476,32757.842636257294,0.0,5,TERMINAL
113.30000000003623,17573.59212663176,12.141625446325522,680.5061010401441,2.0000023680010455,493.2244552096939,15.013629092536323,1.0007698605991624,31958.1664002326,798.7330679568869,32757.67187104737,0.0,5,TERMINAL
113.40000000003631,17505.54151506364,12.139209210902749,680.5061287898117,2.000002394166922,492.95731898557904,15.015112929352451,1.0007625542174323,31958.177916926616,798.5638412995725,32757.501342702293,0.0,5,TERMINAL
113.5000000000364,17437.490900744393,12.136834198261786,680.5061560737603,2.0000024199090505,492.6901841510803,15.016596957343735,1.0007553724887386,31958.18923771457,798.3948396062112,32757.331047691572,0.0,5,TERMINAL
113.60000000003647,17369.440283720265,12.134499705110883,680.506182899359,2.0000024452329663,492.42305070431,15.018081178142573,1.0007483132863844,31958.200365895747,798.2260592735391,32757.160982579724,0.0,5,TERMINAL
113.70000000003655,17301.389664036687,12.132205040156993,680.5062092738654,2.000002470144152,492.1559186434082,15.019565593355754,1.000741374519955,31958.211304714237,798.0574967605179,32756.99114401994,0.0,5,TERMINAL
113.80000000003663,17233.339041738465,12.129949523901047,680.5062352044289,2.0000024946480432,491.88878796654177,15.02105020456494,1.0007345541347012,31958.222057359937,797.8891485872558,32756.82152874823,0.0,5,TERMINAL
113.90000000003671,17165.288416869647,12.12773248843676,680.5062606980931,2.00000251875003,491.6216586719041,15.022535013327115,1.000727850110931,31958.232626969548,797.7210113339506,32756.652133578013,0.0,5,TERMINAL
114.00000000003679,17097.237789473584,12.125553277252834,680.5062857617986,2.00000254245546,491.3545307577139,15.024020021175048,1.0007212604634084,31958.24301662751,797.5530816398431,32756.48295539505,0.0,5,TERMINAL
114.10000000003687,17029.187159592955,12.12341124503856,680.5063104023845,2.0000025657696407,491.0874042222154,15.025505229617703,1.00071478324077,31958.25322936694,797.3853562021997,32756.31399115282,0.0,5,TERMINAL
114.20000000003695,16961.136527269744,12.12130575749273,680.5063346265912,2.0000025886978414,490.8202790636768,15.026990640140685,1.0007084165249438,31958.263268170504,797.2178317753038,32756.14523786818,0.0,5,TERMINAL
114.30000000003703,16893.085892545234,12.119236191135787,680.5063584410624,2.0000026112452947,490.5531552803909,15.028476254206655,1.0007021584305822,31958.273135971373,797.0505051694668,32755.976692617387,0.0,5,TERMINAL
114.40000000003711,16825.035255460112,12.117201933125218,680.506381852346,2.0000026334171963,490.2860328706739,15.029962073255682,1.000696007104504,31958.282835653976,796.8833732500648,32755.808352532506,0.0,5,TERMINAL
114.50000000003719,16756.984616054368,12.115202381074072,680.5064048668969,2.0000026552187085,490.0189118328652,15.031448098705688,1.0006899607251452,31958.292370054936,796.7164329365789,32755.640214798008,0.0,5,TERMINAL
114.60000000003727,16688.933974367348,12.113236942872579,680.5064274910782,2.0000026766549577,489.7517921653268,15.032934331952797,1.0006840175020193,31958.301741963824,796.5496812016615,32755.472276647724,0.0,5,TERMINAL
114.70000000003735,16620.883330437835,12.111305036512812,680.5064497311624,2.0000026977310377,489.48467386644313,15.034420774371696,1.000678175675188,31958.310954123997,796.3831150702189,32755.304535361996,0.0,5,TERMINAL
114.80000000003743,16552.832684303925,12.10940608991635,680.5064715933335,2.000002718452008,489.2175569346207,15.035907427316012,1.0006724335147386,31958.32000923333,796.2167316185026,32755.136988265138,0.0,5,TERMINAL
114.90000000003751,16484.782036003075,12.107539540764858,680.5064930836875,2.0000027388228947,488.9504413682876,15.037394292118659,1.0006667893202736,31958.328909945034,796.0505279732271,32754.96963272305,0.0,5,TERMINAL
115.00000000003759,16416.731385572173,12.10570483633358,680.5065142082342,2.0000027588486895,488.68332716589316,15.03888137009215,1.0006612414204057,31958.33765886833,795.8845013106943,32754.802466141144,0.0,5,TERMINAL
115.10000000003767,16348.680733047542,12.103901433327676,680.5065349728978,2.0000027785343493,488.4162143259076,15.040368662528977,1.000655788172262,31958.34625856925,795.7186488559356,32754.635485962415,0.0,5,TERMINAL
115.20000000003775,16280.630078464848,12.102128797721315,680.5065553835191,2.000002797884798,488.14910284682213,15.041856170701884,1.0006504279609998,31958.354711571268,795.5529678818745,32754.468689665668,0.0,5,TERMINAL
115.30000000003783,16212.57942185922,12.100386404599563,680.5065754458551,2.0000028169049218,487.8819927271482,15.043343895864236,1.0006451591993277,31958.363020356104,795.3874557084944,32754.302074763924,0.0,5,TERMINAL
115.4000000000379,16144.528763265203,12.098673738002937,680.5065951655815,2.0000028355995747,487.61488396541733,15.044831839250303,1.0006399803270345,31958.371187364293,795.2221097020282,32754.135638803058,0.0,5,TERMINAL
115.50000000003799,16076.478102716792,12.096990290774604,680.5066145482922,2.0000028539735695,487.347776560181,15.046320002075554,1.0006348898105275,31958.379214995915,795.0569272741595,32753.969379360504,0.0,5,TERMINAL
115.60000000003807,16008.427440247411,12.095335564410224,680.506633599501,2.000002872031685,487.08067051001046,15.047808385536962,1.0006298861423788,31958.38710561121,794.8919058812371,32753.803294044148,0.0,5,TERMINAL
115.70000000003814,15940.376775889934,12.093709068910307,680.5066523246427,2.00000288977866,486.813565813496,15.049296990813328,1.00062496784088,31958.39486153132,794.7270430235055,32753.637380491313,0.0,5,TERMINAL
115.80000000003822,15872.326109676724,12.092110322635142,680.5066707290737,2.000002907219196,486.5464624692472,15.050785819065547,1.0006201334495999,31958.402485038805,794.5623362443413,32753.471636367834,0.0,5,TERMINAL
115.9000000000383,15804.275441639547,12.090538852162142,680.5066888180725,2.000002924357954,486.2793604758928,15.05227487143686,1.0006153815369565,31958.40997837832,794.3977831295165,32753.306059367278,0.0,5,TERMINAL
116.00000000003838,15736.22477180972,12.08899419214568,680.506706596841,2.0000029411995555,486.0122598320798,15.05376414905317,1.0006107106957927,31958.417343757195,794.2333813064632,32753.140647210304,0.0,5,TERMINAL
116.10000000003846,15668.174100217977,12.087475885179273,680.506724070505,2.000002957748578,485.7451605364739,15.05525365302331,1.0006061195429579,31958.42458334609,794.0691284435529,32752.97539764395,0.0,5,TERMINAL
116.20000000003854,15600.123426894614,12.08598348166014,680.5067412441152,2.0000029740095595,485.47806258775915,15.056743384439295,1.0006016067189,31958.431699279496,793.9050222493929,32752.810308441192,0.0,5,TERMINAL
116.30000000003862,15532.07275186936,12.084516539656068,680.5067581226481,2.000002989986995,485.2109659846374,15.058233344376598,1.000597170887262,31958.438693656422,793.7410604721293,32752.645377400422,0.0,5,TERMINAL
116.4000000000387,15464.022075171437,12.083074624774536,680.5067747110058,2.0000030056853335,484.9438707258288,15.059723533894381,1.0005928107344866,31958.445568540843,793.5772408987679,32752.48060234508,0.0,5,TERMINAL
116.50000000003878,15395.971396829686,12.081657310034094,680.5067910140181,2.000003021108981,484.67677681007035,15.061213954035788,1.0005885249694266,31958.45232596234,793.4135613545012,32752.315981123284,0.0,5,TERMINAL
116.60000000003886,15327.920716872351,12.080264175737918,680.5068070364417,2.000003036262298,484.40968423611713,15.062704605828147,1.0005843123229632,31958.45896791659,793.2500197020499,32752.151511607615,0.0,5,TERMINAL
116.70000000003894,15259.870035327302,12.078894809349526,680.5068227829628,2.0000030511495983,484.1425930027414,15.06419549028328,1.0005801715476306,31958.465496366025,793.0866138410156,32751.98719169479,0.0,5,TERMINAL
116.80000000003902,15191.819352221835,12.077548805370624,680.5068382581962,2.00000306577515,483.87550310873235,15.065686608397684,1.000576101417245,31958.471913240177,792.9233417072458,32751.823019305477,0.0,5,TERMINAL
116.9000000000391,15123.768667582903,12.076225765221025,680.506853466687,2.000003080143174,483.6084145528959,15.0671779611528,1.000572100726543,31958.478220436387,792.7602012722062,32751.65899238414,0.0,5,TERMINAL
117.00000000003918,15055.717981436901,12.074925297120622,680.5068684129104,2.0000030942578415,483.3413273340549,15.068669549515244,1.0005681682908245,31958.48441982019,792.597190542369,32751.495108898893,0.0,5,TERMINAL
117.10000000003926,14987.667293809878,12.073647015973368,680.5068831012738,2.0000031081232774,483.07424145104847,15.070161374437035,1.000564302945601,31958.490513225912,792.4343075586056,32751.33136684135,0.0,5,TERMINAL
117.20000000003934,14919.616604727387,12.072390543253256,680.5068975361161,2.0000031217435565,482.80715690273206,15.071653436855813,1.0005605035462515,31958.496502457063,792.2715503955972,32751.16776422656,0.0,5,TERMINAL
117.30000000003942,14851.565914214545,12.071155506892207,680.5069117217092,2.0000031351227054,482.54007368797727,15.073145737695103,1.0005567689676824,31958.502389286965,792.1089171612463,32751.004299092958,0.0,5,TERMINAL
117.4000000000395,14783.515222296104,12.069941541169916,680.5069256622586,2.0000031482646996,482.2729918056714,15.074638277864471,1.0005530981039972,31958.508175459112,791.9464059961105,32750.84096950223,0.0,5,TERMINAL
117.50000000003958,14715.464528996294,12.06874828660553,680.5069393619042,2.000003161173465,482.0059112547176,15.076131058259817,1.0005494898681657,31958.513862687767,791.7840150728326,32750.67777353932,0.0,5,TERMINAL
117.60000000003966,14647.413834339051,12.067575389851218,680.5069528247204,2.000003173852877,481.7388320340345,15.077624079763511,1.0005459431917032,31958.519452658285,791.6217425955907,32750.514709312356,0.0,5,TERMINAL
117.70000000003974,14579.36313834782,12.066422503587528,680.5069660547182,2.0000031863067607,481.47175414255605,15.079117343244691,1.000542457024355,31958.52494702773,791.4595867995533,32750.35177495266,0.0,5,TERMINAL
117.80000000003982,14511.31244104568,12.065289286420542,680.5069790558442,2.00000319853889,481.20467757923154,15.080610849559397,1.0005390303337849,31958.530347425218,791.2975459503446,32750.188968614668,0.0,5,TERMINAL
117.9000000000399,14443.261742455332,12.064175402780782,680.5069918319828,2.0000032105529884,480.9376023430249,15.082104599550808,1.0005356621052688,31958.53565545242,791.1356183435203,32750.02628847593,0.0,5,TERMINAL
118.00000000003998,14375.211042599083,12.063080522823833,680.5070043869563,2.0000032223527278,480.6705284329149,15.083598594049489,1.0005323513413944,31958.540872684032,790.973802304047,32749.86373273707,0.0,5,TERMINAL
118.10000000004005,14307.16034149885,12.06200432233267,680.5070167245251,2.000003233941727,480.40345584789503,15.085092833873478,1.000529097061767,31958.546000668106,790.8120961858017,32749.701299621767,0.0,5,TERMINAL
118.20000000004013,14239.109639176138,12.060946482621665,680.5070288483897,2.000003245323558,480.1363845869731,15.086587319828615,1.0005258983027188,31958.55104092659,790.6504983710673,32749.53898737675,0.0,5,TERMINAL
118.30000000004021,14171.058935652181,12.059906690442203,680.5070407621909,2.000003256501738,479.869314649171,15.088082052708666,1.0005227541170219,31958.55599495575,790.4890072700443,32749.37679427169,0.0,5,TERMINAL
118.4000000000403,14103.008230947802,12.058884637889921,680.5070524695093,2.0000032674797334,479.6022460335246,15.089577033295491,1.0005196635736089,31958.560864226467,790.3276213203699,32749.21471859927,0.0,5,TERMINAL
118.50000000004037,14034.95752508346,12.057880022313544,680.5070639738683,2.000003278260961,479.3351787390839,15.091072262359306,1.0005166257572977,31958.565650184777,790.1663389866435,32749.052758675072,0.0,5,TERMINAL
118.60000000004045,13966.906818079253,12.056892546225255,680.5070752787335,2.000003288848786,479.06811276491214,15.092567740658849,1.0005136397685206,31958.570354252282,790.0051587599614,32748.890912837524,0.0,5,TERMINAL
118.70000000004053,13898.85610995497,12.055921917212595,680.507086387513,2.000003299246522,478.8010481100864,15.094063468941501,1.0005107047230566,31958.574977826403,789.8440791574623,32748.729179447873,0.0,5,TERMINAL
118.80000000004061,13830.805400730067,12.054967847851893,680.5070973035597,2.0000033094574348,478.53398477369655,15.09555944794356,1.0005078197517705,31958.579522280943,789.683098721873,32748.567556890106,0.0,5,TERMINAL
118.90000000004069,13762.754690423622,12.05403005562313,680.5071080301703,2.000003319484736,478.2669227548461,15.097055678390348,1.000504984000356,31958.58398896637,789.522216021073,32748.4060435709,0.0,5,TERMINAL
119.00000000004077,13694.703979054364,12.053108262826301,680.5071185705876,2.0000033293315895,477.99986205265117,15.098552160996448,1.0005021966290806,31958.58837921027,789.3614296476538,32748.24463791954,0.0,5,TERMINAL
119.10000000004085,13626.653266640787,12.052202196499163,680.507128928,2.00000333900111,477.73280266624045,15.10004889646583,1.0004994568125392,31958.592694317656,789.2007382184971,32748.083338387787,0.0,5,TERMINAL
119.20000000004093,13558.602553201024,12.051311588336423,680.507139105543,2.0000033484963615,477.46574459475517,15.10154588549204,1.0004967637394095,31958.59693557135,789.0401403743562,32747.922143449872,0.0,5,TERMINAL
119.30000000004101,13490.55183875296,12.050436174610272,680.5071491063001,2.00000335782036,477.19868783734927,15.1030431287584,1.0004941166122103,31958.601104232468,788.8796347794388,32747.761051602287,0.0,5,TERMINAL
119.40000000004109,13422.501123314054,12.049575696092298,680.5071589333025,2.0000033669760726,476.9316323931885,15.104540626938126,1.0004915146470663,31958.605201540584,788.7192201210084,32747.600061363733,0.0,5,TERMINAL
119.50000000004117,13354.450406901538,12.048729897976713,680.5071685895309,2.0000033759664175,476.66457826145086,15.106038380694514,1.0004889570734758,31958.60922871424,788.5588951089819,32747.439171275004,0.0,5,TERMINAL
119.60000000004125,13286.399689532307,12.04789852980492,680.5071780779157,2.000003384794266,476.39752544132585,15.107536390681107,1.0004864431340823,31958.613186951177,788.3986584755414,32747.278379898824,0.0,5,TERMINAL
119.70000000004133,13218.348971223066,12.047081345391327,680.5071874013381,2.0000033934624426,476.1304739320147,15.109034657541885,1.0004839720844512,31958.617077428877,788.238508974747,32747.117685819765,0.0,5,TERMINAL
119.80000000004141,13150.298251990127,12.046278102750442,680.5071965626305,2.000003401973724,475.8634237327302,15.110533181911345,1.0004815431928478,31958.620901304617,788.0784453821641,32746.957087644023,0.0,5,TERMINAL
119.90000000004149,13082.247531849527,12.04548856402525,680.5072055645774,2.000003410330841,475.5963748426963,15.112031964414738,1.0004791557400226,31958.624659716075,787.9184664944866,32746.79658399929,0.0,5,TERMINAL
120.00000000004157,13014.196810817084,12.044712495416737,680.5072144099157,2.0000034185364783,475.32932726114825,15.113531005668165,1.0004768090189955,31958.628353781456,787.7585711291758,32746.636173534633,0.0,5,TERMINAL
120.10000000004165,12946.146088908325,12.043949667114685,680.5072231013363,2.000003426593276,475.06228098733186,15.115030306278767,1.0004745023348491,31958.631984599957,787.5987581241002,32746.475854920292,0.0,5,TERMINAL
120.20000000004173,12878.095366138485,12.043199853229606,680.5072316414839,2.0000034345038276,474.795236020504,15.116529866844848,1.0004722350045214,31958.635553251996,787.4390263371839,32746.315626847503,0.0,5,TERMINAL
120.3000000000418,12810.044642522567,12.042462831725851,680.5072400329585,2.0000034422706854,474.52819235993184,15.118029687956046,1.000470006356605,31958.639060799575,787.2793746460617,32746.155488028322,0.0,5,TERMINAL
120.40000000004189,12741.993918075299,12.04173838435588,680.5072482783154,2.0000034498963566,474.2611500048934,15.119529770193463,1.0004678157311464,31958.642508286586,787.1198019477366,32745.995437195423,0.0,5,TERMINAL
120.50000000004196,12673.943192811159,12.041026296595607,680.5072563800663,2.0000034573833045,473.9941089546764,15.121030114129802,1.0004656624794526,31958.6458967391,786.9603071582471,32745.835473101895,0.0,5,TERMINAL
120.60000000004204,12605.892466744379,12.040326357580888,680.5072643406799,2.0000034647339504,473.72706920857917,15.122530720329513,1.0004635459638958,31958.64922716565,786.8008892123366,32745.67559452107,0.0,5,TERMINAL
120.70000000004212,12537.841739888958,12.039638360045084,680.5072721625824,2.000003471950675,473.4600307659096,15.124031589348935,1.0004614655577286,31958.65250055756,786.6415470631332,32745.5158002463,0.0,5,TERMINAL
120.8000000000422,12469.791012258647,12.038962100257681,680.5072798481585,2.000003479035816,473.19299362598537,15.125532721736441,1.0004594206448958,31958.65571788923,786.482279681831,32745.356089090736,0.0,5,TERMINAL
120.90000000004228,12401.740283866908,12.038297377963959,680.5072873997523,2.0000034859916704,472.925957788134,15.127034118032553,1.0004574106198525,31958.65888011842,786.3230860573767,32745.196459887142,0.0,5,TERMINAL
121.00000000004236,12333.689554727083,12.03764399632569,680.5072948196666,2.000003492820496,472.658923251692,15.128535778770065,1.0004554348873846,31958.661988186483,786.1639651961663,32745.036911487627,0.0,5,TERMINAL
121.10000000004244,12265.638824852198,12.037001761862848,680.5073021101657,2.0000034995245106,472.3918900160055,15.130037704474226,1.000453492862434,31958.66504301875,786.0049161217406,32744.87744276346,0.0,5,TERMINAL
121.20000000004252,12197.588094255043,12.036370484396336,680.5073092734741,2.000003506105893,472.1248580804298,15.131539895662808,1.0004515839699235,31958.668045524697,785.8459378744927,32744.71805260485,0.0,5,TERMINAL
121.3000000000426,12129.53736294825,12.03574997699165,680.5073163117784,2.0000035125667845,471.85782744432896,15.13304235284627,1.0004497076445868,31958.67099659826,785.6870295113731,32744.558739920634,0.0,5,TERMINAL
121.40000000004268,12061.486630944186,12.03514005590352,680.5073232272273,2.0000035189092875,471.5907981070759,15.13454507652786,1.000447863330802,31958.673897118126,785.5281901056064,32744.399503638127,0.0,5,TERMINAL
121.50000000004276,11993.435898255077,12.034540540521519,680.5073300218926,2.0000035251353507,471.32377006805217,15.136048067201974,1.0004460587779194,31958.67674794493,785.3694317707453,32744.240342810484,8.773868294386382e-08,5,TERMINAL
121.60000000004284,11925.385165554992,12.033951253322225,680.5073083701786,2.0000034479922926,471.0567431814102,15.137550065904593,1.0023693657934596,31958.677443536762,788.235558906473,32744.158632029335,0.0007800817328579845,5,TERMINAL
121.70000000004292,11857.334457070034,12.033372020006869,680.5067191032131,2.0000017028647807,470.78971213744,15.139027113059406,1.0239081420704406,31958.63589302199,822.3126554432796,32745.651778909116,0.009350012029402267,5,TERMINAL
121.800000000043,11789.283928838797,12.032802670294311,680.5036043126493,1.9999925354780574,470.52264279190734,15.140392271380062,1.0942710997651628,31958.772712000202,939.0367133698338,32754.28947692516,0.041453903577360965,5,TERMINAL
121.90000000004308,11721.234043677241,12.032243039040349,680.4944590538156,1.9999656448350815,470.255434301437,15.14149010152695,1.2305570399266068,31959.414059032533,1187.3030634875026,32780.36086535236,0.11948726950239816,5,TERMINAL
122.00000000004316,11653.185729119745,12.03169296686664,680.4748364811604,1.9999079617030076,469.9878860188468,15.14212375888516,1.428058167612309,31960.786658328023,1598.7793016287246,32837.44924295649,0.2703946995519202,5,TERMINAL
122.10000000004324,11585.140470588596,12.03115229995718,680.4401643504365,1.9998060483040634,469.71968001842896,15.142091439100067,1.6689680732861172,31963.209026108103,2183.485957723732,32940.26690752579,0.5238880583801173,5,TERMINAL
122.20000000004332,11517.100329432487,12.030620889113138,680.3864929649374,1.9996482965211537,469.45038151048004,15.141219700844763,1.9338430362270265,31966.955283261126,2931.4217529186844,33102.52218101865,0.9109874391403551,5,TERMINAL
122.3000000000434,11449.067894554732,12.030098588350857,680.311042218883,1.9994265356521448,469.1794548770039,15.139387771411329,2.2066453334181673,31972.216590538366,3816.890783999303,33335.22518331703,1.4628551438380661,5,TERMINAL
122.40000000004348,11381.046184596718,12.029585253366545,680.2125214722902,1.999136972518372,468.9062910573551,15.136541668029363,2.4753384524086317,31979.078696018467,4803.428963554719,33645.55559333701,2.209879508169928,5,TERMINAL
122.50000000004356,11313.038518423906,12.02908074013429,680.0912499969843,1.9987805454539533,468.63024177882824,15.132699377695856,2.7311117312341895,31987.513799772943,5848.261715558942,34036.25914640069,3.180962825749805,5,TERMINAL
122.60000000004364,11245.048369050455,12.028584903811774,679.9491244639731,1.9983628287513804,468.3506567296437,15.127949178968587,2.9675016118334723,31997.38352226352,6905.910968267989,34505.475422557494,4.402970952854644,5,TERMINAL
122.70000000004372,11177.079212549166,12.028097598037105,679.7894796199816,1.997893623191283,468.06692063945826,15.122443180892839,3.179705378723616,32008.449667874418,7930.947361706808,35046.888665359125,5.900308215713591,5,TERMINAL
122.8000000000438,11109.134380176189,12.027618674628084,679.6168798053827,1.9973863433158614,467.77848806076645,15.116387779711314,3.3640954099791416,32020.389978612464,8880.046656520311,35650.108022608016,7.694588084435426,5,TERMINAL
122.90000000004387,11041.216919387272,12.027147983647184,679.4368686895755,1.9968572819039054,467.4849143093226,15.110032277151848,3.517887704159712,32032.81674488658,9713.54544840171,36301.20624882134,9.804376646407206,5,TERMINAL
123.00000000004395,10973.329467683498,12.026685373769164,679.2556956615732,1.9963248058357725,467.18588150321233,15.103656503836433,3.6389208883406243,32045.29676379444,10396.664420475192,36983.367310680944,12.244991672937216,5,TERMINAL
123.10000000004403,10905.474142155517,12.02623069287847,679.0800308076,1.995808518415748,466.8812189683254,15.097557996951377,3.725512976353807,32057.37162732626,10900.517369061994,37677.60965366791,15.028344826363135,5,TERMINAL
123.20000000004411,10837.652446986802,12.025783788824691,678.916676349981,1.9953284112942182,466.5709174989902,15.09203909414691,3.7763727224283694,32068.57767243421,11202.972783794321,38363.562361823606,18.162818297816795,5,TERMINAL
123.3000000000442,10769.865200827713,12.025344510271516,678.7722803566982,1.994904023063335,466.2551371214546,15.087394206104872,3.7905494546488643,32078.465153293182,11289.391783768426,39020.27681066652,21.653170000939145,5,TERMINAL
123.40000000004427,10702.112485704125,12.024912707584198,678.6530578711426,1.9945536196605758,465.93420814082305,15.083897492905361,3.76741039779763,32086.616333583075,11153.234964607409,39627.05796677609,25.500463523535387,5,TERMINAL
123.50000000004435,10634.393618864964,12.02448823371031,678.5645248021768,1.9942934122747331,465.60862538407054,15.08179117032604,3.7066384273224213,32092.662271059526,10796.511135715196,40164.298578234426,29.702020517213736,5,TERMINAL
123.60000000004443,10566.707148937916,12.024070842053787,678.5112234293105,1.9941367506064847,465.27903564801545,15.08127348911166,3.609800461473341,32096.29994528677,10238.845440403225,40614.37015952215,34.251395345906644,5,TERMINAL
123.70000000004451,10499.05182134074,12.023606906858184,678.4762792807217,1.9940340395485696,464.9460667442907,15.08159102981846,3.712527487700791,32098.684483524812,10828.316759543544,41018.002805041215,39.14176617539658,5,TERMINAL
123.80000000004459,10431.431443811423,12.022953877951556,678.4198474932622,1.9938681722452227,464.60953539832775,15.080973741578998,3.8728869899694485,32102.53270771771,11782.964876127198,41485.7150230267,44.38334559980838,5,TERMINAL
123.90000000004467,10363.850849249595,12.022041077478628,678.3650038710897,1.9937069666076428,464.26910586183607,15.080449479595057,3.88862059525258,32106.271531306647,11877.802514779938,41959.47061129912,49.989712051114125,5,TERMINAL
124.00000000004475,10296.311159932608,12.020859504163505,678.3369156233807,1.9936243885695828,463.92505959486965,15.081135734155135,3.8018548287193714,32108.189021537703,11351.691635160514,42368.56570339026,55.961741543628925,5,TERMINAL
124.10000000004483,10228.810621047707,12.019433713026725,678.3506458783911,1.9936647090495891,463.5781465230428,15.083698442935745,3.635512850993601,32107.261886002005,10376.979599368842,42665.611315632275,62.290214126705656,5,TERMINAL
124.20000000004491,10161.345414628027,12.017803667459289,678.4142954128375,1.993851737043306,463.22942400961097,15.088492773016368,3.402650833733981,32102.936821970387,9086.150154972893,42820.39120148595,68.95802192518661,5,TERMINAL
124.30000000004499,10093.910202285304,12.01601363134085,678.5307649603117,1.994193998775127,462.88013372809513,15.095642233941712,3.1116123929408124,32095.007955855774,7593.707235075934,42816.3789826263,75.94135757241335,5,TERMINAL
124.40000000004507,10026.498532278893,12.01410586582643,678.6986735264738,1.9946874364736846,462.5315984020254,15.10507996842114,2.7690997272169593,32083.554309636023,6009.415053713188,42649.04474498182,83.21037604947827,5,TERMINAL
124.50000000004515,9959.103189042897,12.012117481291572,678.9128383408136,1.995316818874441,462.1851275923863,15.116570316830641,2.382609446370053,32068.909535405437,4445.026858155648,42325.136066216626,90.72958720960274,5,TERMINAL
124.60000000004523,9891.716526183054,12.010079265299108,679.1645624346285,1.9960565863829807,461.84192715755114,15.129721655112315,1.9638782684543492,32051.64676532167,3016.9252930291373,41862.39153633377,98.45811394456497,5,TERMINAL
124.7000000000453,9824.330802476157,12.008015670810867,679.441864674383,1.9968715271415987,461.5030103900122,15.143996572071803,1.5371860699497624,32032.56870420071,1846.3917713123979,41289.36795148745,106.34988759006332,5,TERMINAL
124.80000000004539,9756.938528699533,12.005945420298167,679.7297201069118,1.9977174834160711,461.16911074236276,15.158722488755453,1.1645679570790963,32012.697346614965,1058.5819074573649,40645.208418191825,114.35381943690463,5,TERMINAL
124.90000000004547,9689.532827073615,12.00388237784481,680.0103403452111,1.998542175667077,460.8405970407263,15.17310414040938,1.0007385894306038,31993.260041319543,780.856151815633,39979.26741566597,122.41397035133677,5,TERMINAL
125.00000000004555,9622.107802209286,12.001836479029505,680.2635025811146,1.9992861695365052,460.51739251760745,15.18623840742327,1.210219728351758,31975.66991950162,1140.8539801228133,39350.56139986691,130.46973181358564,5,TERMINAL
125.10000000004563,9554.658921276321,11.999814601619898,680.4669243309684,1.9998839772409045,460.1988991055875,15.197131466724215,1.7057726491187442,31961.499484598513,2264.54464121424,38827.044211340246,138.45602714909472,5,TERMINAL
125.2000000000457,9487.183405871492,11.997821320941819,680.5964998388039,2.0002647523751653,459.88392723445736,15.204710131540455,2.3442387258181294,31965.451028160038,4274.395465100733,38485.19791302976,146.30353868385822,5,TERMINAL
125.30000000004578,9419.680649374832,11.995859531653776,680.6268747070746,2.000353978759658,459.5706285722543,15.207848749260767,3.061477285804028,31967.717405519317,7287.737088818273,38408.680875242295,153.93896387603792,5,TERMINAL
125.40000000004586,9352.152551963069,11.993930935807583,680.5327187025939,2.000077211212314,459.2564561865455,15.20542766313324,3.8315099554955463,31960.723502562036,11415.33740247975,38684.944682046465,161.2853164643047,5,TERMINAL
125.50000000004594,9284.603888208061,11.992036415087252,680.2881049756869,1.9993582510896473,458.93812756037744,15.196307508596883,4.641530281253245,31974.00605835856,16760.237777473765,39406.87733760015,168.2622617121118,5,TERMINAL
125.60000000004602,9217.042774431962,11.99017630786934,679.8664880392153,1.9981190815736019,458.61157491019304,15.179330773548887,5.48364325710919,32003.306533796524,23416.861810233615,40672.89994651255,174.78648139197855,5,TERMINAL
125.7000000000461,9149.481053427911,11.988350605123125,679.2423195031256,1.9962846162994066,458.27192254870624,15.153396764557082,6.3520108290057244,32046.410152175315,31470.259409233528,42582.533583098004,180.77209016630695,5,TERMINAL
125.80000000004618,9081.934657403091,11.986559084978774,678.3910177373051,1.9937826101975846,457.9134782007895,15.117463153548826,7.241741880449537,32104.679507982073,40995.566662918114,45236.28015747609,186.13109689189434,5,TERMINAL
125.90000000004626,9014.42398273934,11.98480140245377,677.2893175033404,1.9905446870587515,457.5297300172045,15.070564551039322,8.148413300109532,32179.203156058873,52057.59106577484,48734.45580186904,190.77390736750365,5,TERMINAL
126.00000000004634,8946.974253673901,11.983077146351828,675.915603989,1.9865073212573656,457.11335331383043,15.011830239648372,9.067846870045708,32270.734630274812,64710.48578972011,53176.01436431009,194.60987018791107,5,TERMINAL
126.10000000004642,8879.613524367198,11.981423094544718,674.341258495599,1.9818803023998226,456.6568551149471,14.944531675776522,9.539838285256504,32373.742275416036,71932.5744223594,58378.958352596026,197.5527549940326,5,TERMINAL
126.2000000000465,8812.350615344389,11.979981717080008,672.9461527847013,1.97778007194887,456.15883996328824,14.885531987496837,9.273240644250116,32463.341324348406,68225.03638700147,63266.28207568969,199.5660660413929,5,TERMINAL
126.30000000004658,8745.164915496436,11.978833800862187,671.9788896686795,1.974937272129134,455.62441430578525,14.845737806985797,8.641876745715289,32524.5393933473,59398.11859763029,67273.48847571721,200.67979701071073,5,TERMINAL
126.40000000004666,8678.02263328397,11.97799255352078,671.488513788085,1.9734960447243746,455.06263289443496,14.82719301515768,7.8792820685075275,32555.278117175367,49428.962981310586,70070.06791816912,200.9580865064831,5,TERMINAL
126.50000000004674,8610.889608779471,11.97743443999409,671.4195980353976,1.9732934895964365,454.48318509922217,14.827362444622205,7.1186412931843925,32559.58473023288,40336.97968187284,71726.88345709136,200.47639779336697,5,TERMINAL
126.60000000004682,8543.737284172994,11.977118915322604,671.6806083013676,1.9740605882432327,453.8945608059899,14.842159925214196,6.426879266038773,32543.266035269284,32838.29826587842,72435.07410354906,199.3090001353795,5,TERMINAL
126.7000000000469,8476.544375268744,11.977000403688352,672.1798935185808,1.975527978331523,453.30355194373954,14.867519950749246,5.829677105412705,32511.894660436596,26966.956599973586,72407.00951576636,197.5229540799905,5,TERMINAL
126.80000000004698,8409.29640963842,11.977035075831921,672.8403381963133,1.9774690174489227,452.71530572404345,14.90002882729508,5.328838407343782,32470.087212566163,22478.32173605011,71831.41682270613,195.1759761081537,5,TERMINAL
126.90000000004706,8341.984482521033,11.97718425629066,673.602557946959,1.9797091747841433,452.13359310996424,14.93705738205765,4.913768046449782,32421.398385493296,19061.435791198146,70859.50873284612,192.31647209765907,5,TERMINAL
127.00000000004714,8274.603911085129,11.977415733176175,674.4231472278952,1.9821208812889413,451.5611175442003,14.97668067369361,4.568681701401944,32368.45472174558,16431.02049017146,69605.70041741649,188.9846642366439,5,TERMINAL
127.10000000004722,8207.153059593982,11.977703834518902,675.2714312698643,1.9846139836382588,450.99978992800936,15.017534324267071,4.2768565056076,32313.14946987751,14356.803907889554,68153.6731438605,185.21415788689154,5,TERMINAL
127.2000000000473,8139.632404855112,11.978028842897663,676.1262398335843,1.9871262623295756,450.450948061669,15.058672709746507,4.022916698970249,32256.826576834195,12665.232885813599,66563.40186320154,181.0335700047112,5,TERMINAL
127.30000000004738,8072.043828100621,11.978376113850493,676.9732171216374,1.9896155255294614,449.9155214784203,15.099450899081328,3.7938755440859318,32200.432040798547,11231.447083379198,64877.433789752555,176.4680174586035,5,TERMINAL
127.40000000004746,8004.390094434548,11.978735120508603,677.8027439450548,1.9920535023271546,449.39415034088194,15.13943342461721,3.579436063452415,32144.63121284111,9969.318935005971,63125.95673225028,171.54037429946234,5,TERMINAL
127.50000000004754,7936.674479527287,11.979098550019485,678.6083949503676,1.9944213085249705,448.88726830006334,15.1783264413017,3.371886165719864,32089.89708547865,8822.37145523148,61330.69125043673,166.27227344472297,5,TERMINAL
127.60000000004761,7868.900509064344,11.979461513850058,679.3858220600207,1.9967061650666775,448.39515813747204,15.215928521411456,3.165802655632872,32036.57547970923,7756.263450627197,59507.78989098353,160.6848652561128,5,TERMINAL
127.7000000000477,7801.071783219486,11.979820894292477,680.1319654822377,1.9988990791911847,447.9179874014958,15.25209579988392,2.957695508412006,31984.932191489257,6752.787193354311,57669.94175643111,154.79936354611692,5,TERMINAL
127.80000000004777,7733.191877103974,11.980173393019896,680.8438303826332,2.0009912490417476,447.45582735780675,15.28668739448373,2.7605773507446716,31983.912445917802,5868.361809035907,55829.68526624672,148.63738956111774,5,TERMINAL
127.90000000004785,7665.265525586229,11.98043928817919,681.4994181516911,2.0029180191561244,447.0084717112804,15.31870941865713,2.781242217446094,32032.669952241413,5943.099928335791,54051.89488954048,142.21625111307875,5,TERMINAL
128.00000000004792,7597.301876838598,11.980482040726494,682.0699085990618,2.004594684221139,446.57498614792036,15.34686140826464,2.9594442677160258,32075.107281203258,6715.645309165574,52425.50972222175,135.53352462558257,5,TERMINAL
128.10000000004783,7529.3132840390235,11.980245424459971,682.5456706206612,2.005992937239853,446.153931203855,15.370706046745566,3.1974120821856626,32110.50470305997,7825.675142558259,50991.178743233686,128.57141061934098,5,TERMINAL
128.20000000004774,7461.313282455632,11.979728848335432,682.9277250835826,2.0071157785027265,445.7436734928326,15.390287481225709,3.4423265293737497,32138.93511211883,9057.513125625113,49760.71047361036,121.30647875149775,5,TERMINAL
128.30000000004765,7393.315433277384,11.978961370549172,683.2234066507531,2.0079847651522105,445.3425700247639,15.405936635745777,3.665111767475256,32160.941816143582,10255.871335440992,48727.34512524827,113.71497491859404,5,TERMINAL
128.40000000004756,7325.332587581407,11.97798502415684,683.4440484326186,2.008633206020028,444.9490932548827,15.418166611460935,3.849682762862184,32177.366395704667,11304.185023906091,47871.37555226654,105.77562623156031,5,TERMINAL
128.50000000004746,7257.376392439797,11.976844691379043,683.6033646590106,2.0091014080857854,444.56191788688903,15.42759910099143,3.9871223788597994,32189.22829187049,12116.572714070055,47164.24737951836,97.47112549158965,5,TERMINAL
128.60000000004737,7189.456957764766,11.975582434100971,683.7162042636337,2.009433013145293,444.17997797664987,15.434907403096165,4.0725052203398375,32197.63190489707,12633.277051237477,46571.86786302512,88.78891517728202,5,TERMINAL
128.70000000004728,7121.582638552242,11.974234741783187,683.7975574313864,2.009672078000966,443.8024995695514,15.440770917515414,4.103182691642993,32203.69250091662,12817.636169079959,46057.371427906495,79.72159628109728,5,TERMINAL
128.8000000000472,7053.7599051894185,11.972831598416201,683.8617479043648,2.0098607006371267,443.42901263270414,15.445838194582931,4.077870022519022,32208.47596664402,12654.051352525565,45583.48478852055,70.26713322945922,5,TERMINAL
128.9000000000471,6985.993284984322,11.971396609133404,683.9217668861376,2.0100370625758175,443.05934509450475,15.450696584563634,3.9961722328788993,32212.949142822985,12146.589806740834,45114.58800729243,60.42894559358196,5,TERMINAL
129.000000000047,6918.285364314889,11.969947680141091,683.9887211945585,2.01023380702083,442.6936011877002,15.45584724175491,3.85835554501646,32217.93870126137,11317.90534446231,44618.53042868533,50.21593513146124,5,TERMINAL
129.10000000004692,6850.636844316113,11.968497928901941,684.0713808119901,2.0104767091351006,442.33212595047604,15.461684771946103,3.665268962384396,32224.0974496457,10208.226694310772,44068.23024093236,39.64247446720544,5,TERMINAL
129.20000000004683,6783.046644824209,11.967056630152667,684.1758192776085,2.0107836191808146,441.97545760583074,15.468481171436139,3.4183839604322728,32231.877560204543,8874.241587473494,43443.06510983947,28.728371798631144,5,TERMINAL
129.30000000004674,6715.512052061462,11.965630090566123,684.3051450553303,2.011163673034165,441.62426954058037,15.476373916351193,3.1199779218762522,32241.51056645323,7387.776781340988,42730.04854389721,17.49881943118741,5,TERMINAL
129.40000000004665,6648.02890575465,11.964222401662912,684.4593239421275,2.0116167702638563,441.27930367853475,15.485358158650072,2.773579896002961,32252.994119249306,5834.232776696538,41924.78087380413,5.984330085026933,5,TERMINAL
129.50000000004655,6580.59182134941,11.962836055696323,684.6350925645115,2.0121333199133766,440.9412971382755,15.495283003756361,2.385026873981162,32266.085498567998,4310.776676209604,41032.16322625109,-5.779337504877118,5,TERMINAL
129.60000000004646,6513.194442914095,11.961472429424749,684.8259617147036,2.012694250317841,440.6109041485962,15.505851811000628,1.9651859415298032,32280.301789363566,2924.3289532900712,40066.866074785175,-17.75126383624455,5,TERMINAL
129.70000000004637,6445.829722345437,11.960132150979158,685.0223062340815,2.0132712732793707,440.28861523984716,15.516626392095164,1.5378769165748971,32294.926486780198,1789.401505454035,39053.54953707319,-29.88546608616085,5,TERMINAL
129.80000000004628,6378.490220651787,11.958815369065244,685.2115357839641,2.0138273859669424,439.97467572272785,15.527034899852527,1.1648828310738812,32309.02212794606,1025.8565857103404,38026.83944861325,-42.13101001316172,5,TERMINAL
129.9000000000462,6311.168427418962,11.957521944051544,685.3783384933317,2.014317586998684,439.66900540133923,15.536383111077742,1.0007947310711391,32321.44837873816,756.6601812987518,37031.07044527009,-54.432139229774634,5,TERMINAL
130.0000000000461,6243.857095040781,11.956251578797685,685.5049874079353,2.014689777095108,439.37112134527774,15.54386872337795,1.2101583739833979,32330.884853359967,1105.700328617101,36119.814060693505,-66.72842519793645,5,TERMINAL
130.100000000046,6176.5495848812825,11.955003904476142,685.5716980832498,2.0148858100422617,439.0800653724838,15.548598212925352,1.705701351270545,32335.857826713724,2195.732091759327,35355.21558698113,-78.95494152930439,5,TERMINAL
130.20000000004592,6109.240223174479,11.953778533809876,685.5570246907325,2.0148426568440905,438.794337680869,15.549605744476738,2.3441827042193806,32334.7699239462,4146.498065489114,34807.167734437586,-91.04246620898762,5,TERMINAL
130.30000000004583,6041.924665099246,11.952575091466837,685.4382816974321,2.0144936450338817,438.5118378254692,15.545873589785483,3.0614366775610935,32325.931842910966,7073.0579746440935,34552.351721215724,-102.91771522481477,5,TERMINAL
130.40000000004574,5974.600266028371,11.951393229006241,685.1919785214658,2.0137697361211373,438.2298139831848,15.536353497624315,3.8314812529779783,32307.595183692058,11084.344871979056,34673.177267299885,-114.50361080066233,5,TERMINAL
130.50000000004565,5907.266459388506,11.950232629826933,684.7942554929596,2.012600806874842,437.9448211930184,15.519988467848217,4.641510431226008,32277.985520768845,16281.950029584526,35256.65215827725,-125.71958703066909,5,TERMINAL
130.60000000004555,5839.92514083693,11.949093008020093,684.2213108536126,2.0109169042691235,437.6526890186695,15.495734411581616,5.483630147019721,32235.33495070015,22759.12500050221,36393.20980390315,-136.48193522052748,5,TERMINAL
130.70000000004546,5772.581058526978,11.947974103836762,683.4498102762034,2.00864944905509,437.34849886277823,15.462581226801165,6.352003141642736,32177.91347212899,30599.97823535031,38175.519846344774,-146.70419068848736,5,TERMINAL
130.80000000004537,5705.242209080031,11.946875677588919,682.4572723391267,2.0057323686647237,437.0265709757527,15.419572879578157,7.241738896419671,32104.0586953135,39878.83541637853,40697.30271175488,-156.29756218240934,5,TERMINAL
130.90000000004528,5637.920238498796,11.945797503153281,681.2224254191392,2.0021031461131895,436.68046105191985,15.365826151930131,8.148414745166482,32012.20352531511,50659.72730722584,44052.1643823353,-165.17140444276563,5,TERMINAL
131.0000000000452,5570.630862952624,11.944739362040785,679.7246831721068,1.9977012784436503,436.302962610409,15.300509534604805,9.067852809490807,32013.35425284056,62996.12355755829,48334.73259622057,-173.23373187846607,5,TERMINAL
131.1000000000451,5503.394655728598,11.943701043722577,677.9396963745968,1.9924552036522154,435.88605263374365,15.222646503893259,9.996011183470038,32135.541500085557,76931.80672428358,53633.52301717453,-180.3917348469739,5,TERMINAL
131.200000000045,5436.238096984846,11.942682349839064,675.832028284277,1.9862607736763576,435.42471452116166,15.130771395683706,10.928930410843982,32276.457062103837,92504.19622006181,58976.36441163877,-186.5523325777273,5,TERMINAL
131.30000000004492,5369.197191798949,11.94168313554182,673.3282568693663,1.978902202231213,434.92207692203164,15.021713570766293,11.862708525526164,32439.15338576191,109757.24839331664,63812.77085230772,-191.6225962979918,5,TERMINAL
131.40000000004483,5302.320165072009,11.940703330129724,670.3494602767169,1.9701475391452095,434.38205451433436,14.892126626995998,12.793491626164613,32626.11035767485,128741.35624827145,68190.74607792072,-195.51047844799035,5,TERMINAL
131.50000000004474,5235.668150931606,11.93974097552963,666.8231619970825,1.9597837769870026,433.8081909132367,14.739050162154943,13.661725130896725,32838.22380039096,148301.07840220287,72153.74366946107,-198.1259970683276,5,TERMINAL
131.60000000004464,5169.300328265609,11.93884070355149,663.1030769050378,1.9488504797685176,433.203693843234,14.578378206696657,13.507331364913652,33051.27312924454,146532.4051528221,75741.09834855373,-199.4023690693064,5,TERMINAL
131.70000000004455,5103.214239209578,11.938151569591382,660.0163042882375,1.9397784837775065,432.57146697641105,14.446411767392465,12.47476971066577,33219.7734975084,126097.17814821089,78988.416394136,-199.36733253605814,5,TERMINAL
131.80000000004446,5037.348494088129,11.93774607967995,657.938258208112,1.9336711270651963,431.9141387528306,14.35914558103932,11.074233184531423,33329.01413079217,99951.97442090065,81927.9290524805,-198.1288176836452,5,TERMINAL
131.90000000004437,4971.620990949359,11.93763295170261,656.8842494472692,1.9305734078945498,431.2340884691086,14.316847660325216,9.607199998027284,33383.138645919826,75427.11973975005,84588.81244834085,-195.82583568968306,5,TERMINAL
132.00000000004428,4905.952322250193,11.93778688702038,656.7056100570819,1.9300483926888534,430.53346989411625,14.312843869610292,8.234373797928267,33392.22576799958,55411.72929349439,86997.47717249714,-192.60018532176392,5,TERMINAL
132.1000000000442,4840.275593820374,11.938167265466534,657.2102500158346,1.9315315307292236,429.8148695314347,14.338736303116042,7.02727705328737,33366.48763206398,40272.81587033774,88876.47235203095,-188.58252664593908,5,TERMINAL
132.2000000000441,4774.539833742248,11.938729298424386,658.1946722329328,1.9344247460157424,429.087028995282,14.385674340868823,6.004575742974932,33315.71175258058,29299.74535095917,89378.70103238212,-183.88690257060475,5,TERMINAL
132.300000000044,4708.71054088443,11.939430234488901,659.4851120021874,1.938217345648605,428.35997242194355,14.44610163476273,5.1562502526003815,33248.010811940876,21509.361219394817,88834.08217781023,-178.6099462642035,5,TERMINAL
132.40000000004392,4642.76613389655,11.940232449221712,660.9570781751486,1.942543451115221,427.64073370760696,14.514601288655305,4.458783343286615,33169.20045701112,16003.680523950217,87566.75290310635,-172.83224610373392,5,TERMINAL
132.50000000004383,4576.694246202137,11.941104617365868,662.524811868125,1.9471510176043267,426.93413326977736,14.587429320846411,3.8842425628606994,33083.39661055324,12081.20474809428,85807.26421096634,-166.6206908199486,5,TERMINAL
132.60000000004374,4510.4888798718175,11.94202175460285,664.1304326913324,1.9518699349306796,426.2434340198452,14.662044290134641,3.405409542455196,32993.51562314683,9236.494012335923,83716.6311487613,-160.03111474822043,5,TERMINAL
132.70000000004364,4444.148254597719,11.94296464984493,665.7378435940384,1.9565941139522562,425.5708293370004,14.736848059122224,2.952043710411107,32901.494848361704,6903.884930905559,81399.86370523085,-153.11123243932573,5,TERMINAL
132.80000000004355,4377.672271122978,11.943905829718535,667.3304881795102,1.961274895039245,424.917932888824,14.811095888733625,2.533186135826886,32808.298158674435,5056.993574901445,78909.19993646443,-145.90773400681945,5,TERMINAL
132.90000000004346,4311.063499265233,11.944712163651388,668.8687414830536,1.9657958179765052,424.2856936301478,14.883012460491654,2.35164625143241,32716.36672940521,4336.054234901099,76359.40936137571,-138.4604525665554,5,TERMINAL
133.00000000004337,4244.329367364902,11.94526707396158,670.3268708554405,1.970081252211664,423.6741755099143,14.951429620073768,2.2769756460761172,32627.477709712657,4045.5275985955577,73833.21610583106,-130.78892035991785,5,TERMINAL
133.10000000004328,4177.479407983217,11.945533315747102,671.6994730650732,1.9741153168386432,423.0830357576998,15.016080435698395,2.2286203311907844,32542.244066714557,3857.976580440923,71359.59331912461,-122.90194135701881,5,TERMINAL
133.2000000000432,4110.523433470115,11.945520122559596,672.9890254353883,1.9779052928432128,422.51180836079317,15.077051084702433,2.1666279166706204,32460.785746386966,3630.800520479548,68944.77810726319,-114.80576373377211,5,TERMINAL
133.3000000000431,4043.470695760314,11.945260624956099,674.2008880671063,1.981466934202194,421.9600250515747,15.134559682814345,2.0721562224587626,32383.010720655366,3307.7648644918836,66585.36000446741,-106.50824932414982,5,TERMINAL
133.400000000043,3976.3295061289523,11.944797538406638,675.3408712928338,1.9848173183450053,421.427261420907,15.188847701454936,1.9381777374553022,32308.76259205918,2882.9308085633984,64275.0753772289,-98.02092555957068,5,TERMINAL
133.50000000004292,3909.1071056495416,11.94417461891629,676.4138843656037,1.9879708744740692,420.9131409285108,15.240118957436383,1.7652559222478934,32237.911360975413,2382.946567803346,62008.87053573674,-89.35991860203984,5,TERMINAL
133.60000000004283,3841.80968394638,11.943432006301355,677.4231736496041,1.990937144510784,420.4173130834513,15.288504729126034,1.5605551854061184,32170.41135983823,1856.0899163598842,59785.42091431806,-80.54629191387929,5,TERMINAL
133.70000000004273,3774.4424880212678,11.94260408353773,678.3699384806672,1.9937196540644937,419.9394158572689,15.334045788439221,1.3401652519352727,32106.33620125096,1364.5426060104653,57608.62479709753,-71.60606491525537,5,TERMINAL
133.80000000004264,3707.0099849206968,11.941718881548926,679.2532094173581,1.9963155545990316,419.4790293309433,15.376686329396005,1.13655573388322,32045.89606564832,978.520941748323,55488.35764838674,-62.570055448570216,5,TERMINAL
133.90000000004255,3639.516054284481,11.940798364776475,680.0699165712283,1.9987158242596168,419.03562575715614,15.416276631068484,1.01063042170064,31989.440747170538,771.5848324746538,53440.66773562666,-53.47362115614439,5,TERMINAL
134.00000000004246,3571.964199040007,11.939859159340642,680.8148107818635,2.0009050362231147,418.6085189513594,15.452569221829638,1.0411022516306714,31981.912221907547,816.7595540669714,51488.299013181815,-44.35633962373084,5,TERMINAL
134.10000000004237,3504.3579069336597,11.93891344998011,681.4787091004958,2.002856202219262,418.19678421934043,15.485139201945355,1.2545312090901155,32031.292442035203,1183.281846489174,49665.725323041865,-35.261667241485725,5,TERMINAL
134.20000000004228,3436.700840168294,11.937969878287452,682.0538688070781,2.0045465667104225,417.7992184085519,15.513628333191171,1.6053923860660153,32074.080965452926,1933.855142875466,48005.17758293729,-26.236544977133626,5,TERMINAL
134.3000000000422,3368.9968062821295,11.93703435457636,682.5325642410512,2.0059534242354173,417.4143538325547,15.53768098420908,2.0416449956539737,32109.699414316783,3122.3803956020624,46540.224625286915,-17.33095174807237,5,TERMINAL
134.4000000000421,3301.2499129229336,11.93611075089078,682.9067567883206,2.0070531495214676,417.04043845498813,15.556929701535903,2.53105192633363,32137.54643540471,4792.125685598724,45306.64339194624,-8.59746455987348,5,TERMINAL
134.500000000042,3233.464712807011,11.935201463477053,683.1685623550943,2.0078225713957543,416.6754235162565,15.571017071050855,3.0550234407818313,32157.032639145793,6974.321659713565,44341.13419159555,-0.09080277670118864,5,TERMINAL
134.60000000004192,3165.6463241251904,11.934307852081366,683.3107069024902,2.0082403116049274,416.3169618361191,15.579617081771788,3.60173172762243,32167.614684692784,9687.166338181598,43679.99793398633,8.132642246429167,5,TERMINAL
134.70000000004183,3097.8005254568275,11.933430571796256,683.3269556827186,2.0082880463414585,415.9624169072583,15.582455254886298,4.162637659319867,32168.82741813717,12935.217413004693,43357.818731740444,16.015288903932117,5,TERMINAL
134.80000000004173,3029.9338251152267,11.932569816053162,683.212504283047,2.007951655521547,415.6088825631205,15.579326908255819,4.7309069277938285,32160.31315247821,16709.14661613271,43406.19024316776,23.498854686778596,5,TERMINAL
134.90000000004164,2962.053505574175,11.931725489128338,682.964321968723,2.0072222318687087,415.25321271282536,15.57011303831377,5.300674964077895,32141.84735542347,20985.828708907313,43852.5190569981,30.524848811823404,5,TERMINAL
135.00000000004155,2894.1676442472804,11.930897324667896,682.5814400416645,2.00609692839824,414.8920603863307,15.554793414031192,5.866692873156735,32113.360178685314,25728.737545410237,44718.93348371002,37.03506327416263,5,TERMINAL
135.10000000004146,2826.2851124390922,11.93008496418249,682.0651799294627,2.004579628768994,414.5219251223856,15.533456587806958,6.424152275249892,32074.953414962405,30888.623277745486,46021.32150448066,42.97205700924458,5,TERMINAL
135.20000000004137,2758.4155548004514,11.929288006778233,681.4193174457013,2.002681430042915,414.13920755680823,15.506306632491304,6.968598614906186,32026.912602878525,36404.447536733845,47768.517472264655,48.27962751686257,5,TERMINAL
135.30000000004128,2690.5693521320322,11.928506038891312,680.6501811049421,2.0004209316317336,413.74026992526035,15.473666509780006,7.495890273343864,31969.71411463673,42204.556614818095,49961.65352212173,52.903264112036474,5,TERMINAL
135.4000000000412,2622.757614571273,11.927738651120146,679.7652429467906,1.9978200937496222,413.3214916071862,15.435912691158489,8.002182209871492,32010.633193482357,48208.27942732079,52597.519603520916,56.79057446677385,5,TERMINAL
135.5000000000411,2554.9916128510768,11.927009920280316,678.808379155258,1.9950078684159411,412.8794746897245,15.395072367519516,8.234282438161115,32076.491200664797,51172.18392360367,55574.040671512754,59.89362179908333,5,TERMINAL
135.600000000041,2487.270940226316,11.92645674958404,678.0240064459875,1.9927025958952513,412.4140905111357,15.36223088082126,7.840552026677081,32129.91627594331,46486.4508777192,58230.360546198,62.19861114545071,5,TERMINAL
135.70000000004092,2419.57564155904,11.926173732028678,677.5824589206534,1.9914048877438593,411.93052341518154,15.345048150686512,7.118051305166758,32159.768954896343,38349.665703745886,60055.66101349012,63.74717399455713,5,TERMINAL
135.80000000004082,2351.878075615027,11.926182847450422,677.5034557390605,1.9911726987623775,411.4362911106002,15.344351421695297,6.269957393810111,32165.093164200196,29751.351043157818,60927.960471816456,64.6120310741149,5,TERMINAL
135.90000000004073,2284.152205729284,11.92646555654148,677.7303548402127,1.9918395583402024,410.93884597359164,15.357533602228575,5.415530590513402,32149.786613583834,22171.98087092402,60940.720144303086,64.87725861673991,5,TERMINAL
136.00000000004064,2216.3777000175514,11.92698368441195,678.1821233602375,1.9931673112219874,410.4444394457976,15.380904238949082,4.618242941743036,32119.185140306603,16096.594530442973,60271.17895324538,64.62708112095684,5,TERMINAL
136.10000000004055,2148.5407639295063,11.927692324374949,678.7808814891044,1.9949270687823093,409.95780507633714,15.410925175847066,3.9063766177437826,32078.369115986698,11492.155181541431,59105.233070803275,63.94012763523107,5,TERMINAL
136.20000000004046,2080.633400733246,11.92854731279416,679.4627874792527,1.9969312000694222,409.4822574581204,15.444695631891747,3.287427345709757,32031.52639562587,8119.633128087882,57603.9798968399,62.887022074294684,5,TERMINAL
136.30000000004037,2012.652158424336,11.929509129908485,680.1799259770945,1.999038881669689,409.01994723652126,15.480034939010462,2.7578062644002097,31981.850582444276,5700.1021888761425,55894.309864049326,61.52990126710913,5,TERMINAL
136.40000000004028,1944.5969015808269,11.930544536374327,680.8978270956285,2.001148806335481,408.57213378843414,15.515370143791317,2.3091823080477845,31988.122371122525,3986.6434058090485,54072.16223837535,59.92296049671117,5,TERMINAL
136.5000000000402,1876.46996732794,11.931626846953412,681.5906544401572,2.0031850406704637,408.13938389725655,15.54951860032052,1.932549395146904,32039.647795203662,2785.645463478366,52213.24032006074,58.11347015918468,5,TERMINAL
136.6000000000401,1808.275340982905,11.932735455475568,682.2432198288119,2.0051029463549495,407.72176650678574,15.581781499800707,1.6208310464257012,32088.188561958832,1955.108894734052,50366.44093538494,56.14291855467386,5,TERMINAL
136.70000000004,1740.017921869815,11.933855004826418,682.8464203061151,2.006875769578189,407.3190281332762,15.611737402738912,1.370506770216367,32133.06550551815,1394.9451570424324,48564.923288629274,54.048092380319815,5,TERMINAL
136.80000000003992,1671.7031341121947,11.934974441748397,683.3949874533972,2.0084880262742044,406.93069232259415,15.639140482984907,1.182221217141883,32173.884506722738,1036.015902732636,46831.660095259096,51.86200859274133,5,TERMINAL
136.90000000003982,1603.336667828022,11.936086100898043,683.886263737028,2.009931905807047,406.5561284936403,15.663865173163545,1.059477645316298,32210.44573201952,830.6241126170972,45182.489229517705,49.6146581227873,5,TERMINAL
137.00000000003973,1534.9243055343288,11.937184891691643,684.3193848154783,2.0112048677651733,406.19460037691346,15.685869065175105,1.004245531153811,32242.682951657032,745.12875521404,43628.191383028505,47.333559283536424,5,TERMINAL
137.10000000003964,1466.471804785991,11.93826761757237,684.6947670645563,2.012308135790383,405.8453009053004,15.705169579924483,1.0095421322941092,32270.625490116483,751.9839871111639,42175.80414650145,45.04409853246127,5,TERMINAL
137.20000000003955,1397.984792884356,11.939332431464742,685.0145323965095,2.0132479461029735,405.50738495726733,15.721863477287027,1.0340229910487593,32294.429910587976,787.9575175146352,40827.426124666636,42.76742501921111,5,TERMINAL
137.30000000003946,1329.4685808238492,11.94037841737549,685.2829814280254,2.0140369381265293,405.1800207940822,15.73614845574905,1.0469457072459605,32314.415290492612,806.9416958131624,39578.66801963408,40.515539258507715,5,TERMINAL
137.40000000003937,1260.928039153151,11.941405277236626,685.504776914852,2.0146888156212337,404.8624235416565,15.748239618272933,1.0471296980831846,32330.92796403537,806.5079910642962,38423.30167203174,38.29298771844329,5,TERMINAL
137.50000000003928,1192.3676091473535,11.94241310246261,685.6840734722183,2.015215788939296,404.55385702078866,15.758329334740708,1.0401114101416578,32344.276666923397,795.1301604463551,37355.71947513309,36.09987630362773,5,TERMINAL
137.6000000000392,1123.791351492321,11.943402213351263,685.8244729568469,2.015628443889501,404.2536265916019,15.766585043444106,1.0307651887936977,32354.729158915237,780.4064385995166,36371.238832105184,33.93389913948008,5,TERMINAL
137.7000000000391,1055.2029894707646,11.944373050567185,685.9291772419817,2.0159361907382434,403.96107273191063,15.773156157823982,1.0219442073939147,32362.523558668396,766.7015599932913,35465.81893876927,31.791642807722372,5,TERMINAL
137.800000000039,986.6059392613583,11.945326105020857,686.0011292876169,2.0161476788112376,403.6755672345387,15.778180459561826,1.0148403537723636,32367.878818112298,755.7564415570847,34635.749792365714,29.66938520528153,5,TERMINAL
137.90000000003892,918.003330444697,11.946261875029565,686.0430993315481,2.0162710498067558,403.39651147301413,15.781787983066849,1.0096482100701458,32371.001116961623,747.7924581408374,33877.45257522652,27.563552263922315,5,TERMINAL
138.00000000003882,849.3980210941514,11.947180842162966,686.0577255256899,2.0163140572245877,403.1233358045965,15.784102815105793,1.006100133882708,32372.086869021776,742.3597430693023,33187.38601372336,25.470950798455597,5,TERMINAL
138.10000000003873,780.7925524196077,11.94681696470694,686.0515317504805,2.0162958453963737,402.8555118733985,15.785430202913032,0.462230203882169,32371.626983295377,156.66348198990613,32551.49980630865,23.388869904333795,5,TERMINAL
138.20000000003864,712.187898982704,11.872635980090708,686.034380761033,2.0162437245354345,402.59283280293954,15.786359715413363,1.1297526001618834,32370.643640918814,935.7261441846651,31947.785684893115,21.315610918283056,5,TERMINAL
138.30000000003855,643.5895139159418,11.58706180918501,685.9414187153593,2.0159639118404953,402.3341595084077,15.784168773267616,1.9123577262247586,32364.85163812599,2681.252875176295,31560.959339669495,19.250399705729592,5,TERMINAL
138.40000000003846,575.005298194884,11.017345930345005,685.7997907219034,2.0155345092609562,402.0778497918514,15.780251371982837,2.0899606256412775,32356.56054226026,3202.8829124512786,31332.04832792113,17.192150284904123,5,TERMINAL
138.50000000003837,506.43848420746696,10.149125641475878,685.6632160325537,2.015113069091571,401.8232535360441,15.777110035043,1.8141377646131551,32349.82758218046,2413.5131755299085,31117.812051314482,15.139363945028883,5,TERMINAL
138.60000000003828,437.88744958511205,9.011541762585072,685.5618510737248,2.0147888946675474,401.57071020294444,15.776076193576031,1.2136796708162354,32346.783253403955,1080.1993846457376,30827.275758950982,13.090302298792038,5,TERMINAL
138.7000000000382,369.34851727941157,7.664645990888311,685.490679902521,2.014548630710126,401.32090038456016,15.776803700146088,0.4048106424176461,32346.816481232447,120.15399098091525,30461.253815463686,11.04322180311646,5,TERMINAL
138.8000000000381,300.8191263053496,6.188030284378747,685.4177189823738,2.014300119682425,401.0741342509669,15.777671110311159,0.4987689649989887,32347.22939899811,182.37631657961248,30097.870437959413,8.996604184087914,5,TERMINAL
138.900000000038,232.2999210390103,4.669508487395493,685.30258756097,2.013926721562901,400.8299071735207,15.77665914265841,1.3685386315205248,32344.664262261693,1373.0017960340376,29846.72951343815,6.949353330892209,5,TERMINAL
139.00000000003791,163.79486934234865,3.192139820514567,685.1211488163041,2.0133594293948094,400.58692451963816,15.772509482363674,2.0327931828894323,32336.991286453347,3029.8236633175293,29782.38685801666,4.900951411871869,5,TERMINAL
139.10000000003782,95.30872150423549,1.8157837332449498,684.8956633500007,2.0126650489314737,400.343752302659,15.766144634079422,2.1688793920740745,32325.63124124438,3450.140299280647,29858.392573349578,2.8515952910170426,5,TERMINAL
139.20000000003773,26.841237012758185,0.5367179176357375,684.7294856551941,2.0121472156376785,400.1002678079993,15.76233095484657,0.38171075060054277,32318.304390289686,106.8807376116192,29804.530337802582,0.8024703111454874,5,TERMINAL
